Chassis,Model,UUID,Height
Annihilator,ANH-1A,019f583e-c344-767e-addf-c9acae7deab5,55.32
Annihilator,ANH-1E,019f583e-de49-7eed-aff9-b34025d297eb,55.32
Annihilator,ANH-1G,019f583e-d713-7558-9888-47187b117955,55.32
Annihilator,ANH-1X,019f583e-d714-761d-9437-1c76c917889d,55.32
Annihilator,ANH-2A,019f583e-c345-7a9d-b59f-c75a012b9467,55.32
Annihilator,ANH-2AX,019f583e-dfa3-7700-a6a6-275b8f5c3490,55.32
Annihilator,ANH-3A,019f583e-c347-71fe-b4ad-4456ea90c52b,55.32
Annihilator,ANH-4A,019f583e-c349-7829-adaf-613ac1133b1a,55.32
Annihilator,ANH-5W,019f583e-dac9-7d71-996f-ce0cdc858819,55.32
Annihilator,C,019f583e-c34b-71d0-bae9-95649c9cbf88,55.32
Annihilator,C 'Gausszilla',019f583e-d715-7fd7-9e22-8e5cbfe3ae76,55.32
Annihilator,C 2,019f583e-d717-75a1-8ee6-540d2ea1cf2b,55.32
Archer,(Wolf),019f583e-d7ea-7e5c-b280-605930e21334,49.57
Archer,ARC-1A,019f583e-e005-76d0-8aca-e19c054b4f00,49.57
Archer,ARC-2D,019f583e-c121-7479-82e8-8e55399b6783,49.57
Archer,ARC-2K,019f583e-c17d-7d73-8c65-ed46b568a907,49.57
Archer,ARC-2Kh,019f583e-d611-76d4-ab9f-b204e6cc860a,49.57
Archer,ARC-2L,019f583e-c124-734c-a41a-b8f747506413,49.57
Archer,ARC-2R,019f583e-c17f-7aa5-ad39-3367593a807d,42.54
Archer,ARC-2Rb,019f583e-d7ed-7a95-9e41-664102827c18,49.57
Archer,ARC-2S,019f583e-c180-7ed7-8f4d-e083d3741fa4,49.57
Archer,ARC-2W,019f583e-c182-7a7d-a4ca-6a76fa1a2a72,49.57
Archer,ARC-4M,019f583e-d7ef-7ac6-a8e0-5873e393a5e1,49.57
Archer,ARC-4M (Ismail),019f583e-d62f-74ce-a00a-99a82895af38,49.57
Archer,ARC-4M2,019f583e-d7f1-7c0e-9ca5-e9ccb46de0e3,49.57
Archer,ARC-5CS,019f583e-de2a-730f-9b0c-3012634736cb,49.57
Archer,ARC-5R,019f583e-d7f3-72e1-b54f-172491d384e0,49.57
Archer,ARC-5S,019f583e-d7f4-7959-83dd-2137c8b10202,49.57
Archer,ARC-5W,019f583e-d7f6-7386-a2a9-7d2f7f1f652b,49.57
Archer,ARC-6S,019f583e-d120-7e80-98f0-a488e2ace353,49.57
Archer,ARC-6W,019f583e-d122-7709-bbef-8395d62f063e,49.57
Archer,ARC-7C,019f583e-d7f9-71af-862d-14d208c4239e,49.57
Archer,ARC-7L,019f583e-d124-7bbd-9c67-1b794a85e0ba,49.57
Archer,ARC-7S,019f583e-d126-776c-b4d4-2131d9717222,49.57
Archer,ARC-8M,019f583e-d128-7344-8b32-eee81b2a5614,49.57
Archer,ARC-9K,019f583e-d12a-71ab-ad6b-758e19eca6cb,49.57
Archer,ARC-9KC,019f583e-d3d6-733a-ac46-6f1e19ef936a,49.57
Archer,ARC-9M,019f583e-d12c-7c04-9476-18576b836ec0,49.57
Archer,ARC-9R,019f583e-d7fa-7fec-9dc0-8264486f7e5c,49.57
Archer,ARC-9W,019f583e-d12e-76de-aa14-f3f91bb91e6b,49.57
Archer,C,019f583e-d7fc-7aed-a89b-8b92feba7b2c,49.57
Archer,C 2,019f583e-d64a-7fdd-90d5-d38bfd8ea4d8,49.57
Argus,AGS-2D,019f583e-cced-7001-8323-af15e3fa5fc0,40.78
Argus,AGS-4D,019f583e-ccef-720f-a475-c95e60ea23b4,40.78
Argus,AGS-5D,019f583e-cdce-7eb5-b3bd-7c788cd6c273,40.78
Argus,AGS-6F,019f583e-cdcf-7ed2-b0da-7e4dbc310e6b,40.78
Argus,AGS-8DX,019f583e-d056-706f-a570-35daf0c6ab0f,40.78
Assassin,'Servitor',019f583e-c351-7f11-a1ea-81748b2ead39,40.08
Assassin,ASN-101,019f583e-c184-7e41-b4ac-5b5c04914e5b,40.08
Assassin,ASN-109,019f583e-db2e-7e5e-bf4d-0f6105e3af1b,40.08
Assassin,ASN-21,019f583e-c186-7da5-9562-b597c2684962,40.08
Assassin,ASN-22,019f583e-c158-780b-908b-f53a80ed266c,40.08
Assassin,ASN-23,019f583e-c34d-71ff-96b6-c1f355a1b48c,40.08
Assassin,ASN-30,019f583e-c34e-7901-bcff-fb2ae4d431ab,40.08
Assassin,ASN-30 (Alice),019f583e-d7b5-7bd3-a944-fcf9c4ebd0b3,40.08
Assassin,ASN-99,019f583e-c350-73a9-9fae-590bf48d0cfd,40.08
Assassin,ASN-SB,019f583e-c15b-7f50-acd3-4b7d307d4f94,40.08
Atlas,AS7-00 (Jurn),019f583e-dfba-7ede-a62e-4868627e846f,55.47
Atlas,AS7-A,019f583e-c117-7066-9ed5-dabc28c61c81,55.47
Atlas,AS7-C,019f583e-c353-7b13-b980-2dc135e28905,55.47
Atlas,AS7-CM,019f583e-c355-763b-9590-1e8267eb6c22,55.47
Atlas,AS7-D,019f583e-c18a-7a23-98e0-6a19d55887d4,55.47
Atlas,AS7-D (Danielle),019f583e-de59-7f7e-91da-95b0a5495438,55.47
Atlas,AS7-D (Ian),019f583e-d600-7e3c-bd6f-988ae3b555c3,55.47
Atlas,AS7-D-DC,019f583e-c188-7a64-ba27-0998c5d3be22,55.47
Atlas,AS7-Dr,019f583e-cf55-7cca-aaa3-8351e1e6cfe4,55.47
Atlas,AS7-H,019f583e-d6aa-7956-874b-dc43397bb4df,55.47
Atlas,AS7-K,019f583e-c357-773c-a8b1-81bde37a6571,55.47
Atlas,AS7-K-DC,019f583e-daca-7451-a272-7ba5abe1bf31,55.47
Atlas,AS7-K2,019f583e-cf56-75e8-9e65-4f12e49901c8,55.47
Atlas,AS7-K2 (Jedra),019f583e-d5b6-7a53-b7d0-f70b4496bd89,55.47
Atlas,AS7-K3,019f583e-cf57-72f6-8aed-714ff6c1d3b0,55.47
Atlas,AS7-K4,019f583e-d3da-7b88-8f11-959920b197de,55.47
Atlas,AS7-RS,019f583e-c18c-79a4-86ca-c3d8e6881f1c,55.47
Atlas,AS7-S,019f583e-c359-7dbe-b2aa-c6dbdef02548,55.47
Atlas,AS7-S (Hanssen),019f583e-d613-7965-a25a-5a50e907fcb2,55.47
Atlas,AS7-S2,019f583e-c35b-725e-b731-4900f62433f5,55.47
Atlas,AS7-S3,019f583e-dace-7e49-9036-1e2ef48c20a5,55.47
Atlas,AS7-S3-DC,019f583e-dacc-7e9e-b37c-7b66b684b12d,55.47
Atlas,AS7-S4,019f583e-dad0-7153-8418-7faf9623924d,55.47
Atlas,AS7-WGS (Samsonov),019f583e-de4d-74a2-b03c-e54e58986610,55.47
Atlas,AS8-D,019f583e-cf58-7218-a693-fa57e5b0c261,55.47
Atlas,AS8-K,019f583e-dad2-7d95-a671-ca8e444693be,55.47
Atlas,AS8-KE,019f583e-dad4-7516-8bfd-cd89dfbf2e19,55.47
Atlas,AS8-S,019f583e-dad5-7a21-a85a-710d9928de26,55.47
Atlas,C,019f583e-dadb-709a-bf6d-d52462057e59,55.47
Atlas,C 2,019f583e-dad7-7603-89b5-6ab8905c8680,55.47
Atlas,C 3,019f583e-dad9-73f4-9d10-10097201224b,55.47
Atlas II,AS7-D-H,019f583e-ce23-7c30-92c7-d0c181b367a7,53.75
Atlas II,AS7-D-H (Devlin),019f583e-de27-7807-a944-336f41f71ae4,53.75
Atlas II,AS7-D-H (Kerensky),019f583e-de9d-77ce-bd98-671c1ac0e72a,53.75
Atlas II,AS7-D-H2,019f583e-ce24-7932-acb5-d1a83de02c4a,53.75
Atlas II,AS7-D-HT,019f583e-d5ac-7a79-8cea-35a25bc7050a,53.75
Atlas II,AS7-DK-H,019f583e-dadc-7678-a410-6a391562bb32,53.75
Awesome,AWS-10KM,019f583e-c35d-7128-bcaf-095d6bb9bd34,50.1
Awesome,AWS-10KM (Cameron),019f583e-de28-7d2a-8536-9157635c8819,50.1
Awesome,AWS-11H,019f583e-dbb3-78ec-8ccd-8717f3bb8511,50.1
Awesome,AWS-11M,019f583e-df9b-7f38-b94e-6aa26f6562cd,50.1
Awesome,AWS-11R,019f583e-e037-75da-9768-0063b6e4fa37,50.1
Awesome,AWS-11V,019f583e-d4cd-7e0a-a512-b28bb3c4f52f,50.1
Awesome,AWS-8Q,019f583e-c18d-7c68-a0f3-af8d5d2c13cd,50.1
Awesome,AWS-8Q (Buck),019f583e-de61-7719-a976-f1a367b7a526,50.1
Awesome,AWS-8R,019f583e-c18f-72c7-934d-d1a5ead8dfbc,50.1
Awesome,AWS-8T,019f583e-c191-7348-99f0-b0a2664d514a,50.1
Awesome,AWS-8V,019f583e-c192-7eda-800a-20a3b744ed0c,50.1
Awesome,AWS-8V 'Pretty Baby',019f583e-d602-7600-ac2a-5c3b6ffd78f8,50.1
Awesome,AWS-9M,019f583e-c35e-7e74-800c-704fd69a6d9f,50.1
Awesome,AWS-9Ma,019f583e-c360-7176-9cfb-8f306236fbd9,50.1
Awesome,AWS-9Q,019f583e-c363-742a-b3a1-8b2278818e90,50.1
Awesome,AWS-9Q (Klatt),019f583e-c362-7a79-8994-470ade22cb66,50.1
Awesome,C,019f583e-dd4d-7713-a445-9a04ad925956,50.1
Axman,AXM-1N,019f583e-c366-7421-8a8a-1b23b4424ec3,45.8
Axman,AXM-1X,019f583e-dd17-79cd-acfb-d956833245e4,45.8
Axman,AXM-2N,019f583e-c367-73c9-a72e-87c770e42856,47.01
Axman,AXM-2R,019f583e-dd18-7457-9c3b-a8f358f88f5c,45.8
Axman,AXM-3S,019f583e-ccf2-7e6f-a4aa-23c05169410d,45.8
Axman,AXM-3Sr,019f583e-d05b-7b98-a210-f46d5d80644e,45.8
Axman,AXM-4D,019f583e-c36a-7cfa-bd81-db787df42a48,45.8
Axman,AXM-5N,019f583e-d873-76c8-b66d-0e59f7780e70,45.8
Axman,AXM-5R,019f583e-dd1b-764d-939a-b6aa85c1d5c7,45.8
Axman,AXM-5S,019f583e-dd1d-7594-8a44-a02e43c23177,45.8
Axman,AXM-6T,019f583e-d75c-7777-a604-47fc8711da0f,45.8
Axman,AXM-6X,019f583e-e08c-7c37-bef5-986e036f632b,45.8
Baboon,,019f583e-c747-70a6-ba2c-1b7030bb9f3c,32.67
Baboon,2,019f583e-c745-7cbb-ab40-a13686923499,32.67
Baboon,3 'Devil',019f583e-c746-7f60-837f-36eb2a164156,32.67
Baboon,4,019f583e-dc4d-7fb6-aed4-213e511d7ac6,32.67
Baboon,5,019f583e-dc4f-71ea-9163-fb5f95695f5b,32.67
Baboon,6,019f583e-dc50-708e-b558-cb3d6b1c62dc,32.67
Banshee,BNC-11X,019f583e-e08e-7f5a-a8b3-e12f0651b4dc,54.92
Banshee,BNC-12S,019f583e-d942-7d1c-b1c8-c4d42cf456fb,54.92
Banshee,BNC-1E,019f583e-dfde-75eb-9f75-e30ad5c27cc5,54.92
Banshee,BNC-3E,019f583e-c195-74b0-95aa-a7a768fde137,54.92
Banshee,BNC-3E (El Gaupo),019f583e-d632-731b-940c-798d1e0116fc,54.92
Banshee,BNC-3M,019f583e-c197-70c8-80a1-aa2806a286e2,54.92
Banshee,BNC-3MC,019f583e-c198-78cb-9b9f-1a8844885762,54.92
Banshee,BNC-3Mr,019f583e-d062-75b3-b548-fbcdefa3ed66,54.92
Banshee,BNC-3Q,019f583e-c19a-7d90-8a21-b96a19ab279b,54.92
Banshee,BNC-3S,019f583e-c19d-78a3-9083-73677719a117,54.92
Banshee,BNC-3S (Reinesblatt),019f583e-c19c-7447-acb5-7916f4c3125d,54.92
Banshee,BNC-3S-X,019f583e-c11a-7c1f-82b1-4cd21507e8bb,54.92
Banshee,BNC-5S,019f583e-c36e-7b22-ab89-60d3efbd5fcc,54.92
Banshee,BNC-5S (Sawyer),019f583e-c36b-728d-bcbb-fb6a17f6650c,54.92
Banshee,BNC-5S (Vandergriff),019f583e-c36d-7873-89cf-ccc42532e4e4,54.92
Banshee,BNC-6S,019f583e-c370-76f6-8851-c7437e86735f,54.92
Banshee,BNC-7S,019f583e-c373-79a4-82a6-56d2331ddb7f,54.92
Banshee,BNC-8S,019f583e-c374-7de0-b185-5fd524dcc826,54.92
Banshee,BNC-9S,019f583e-d5ae-7edc-a2bb-a2cdbd1d32b4,54.92
Banshee,BNC-9S2,019f583e-d3e1-76bb-b646-833c50bca526,54.92
Banshee,BSE-X2,019f583e-ad01-7421-b0d5-a7f2640c2d24,54.92
Battle Cobra,A,019f583e-c929-7265-85d4-df381438bb90,34.21
Battle Cobra,B,019f583e-c92b-7d6b-b565-5df21447a439,34.21
Battle Cobra,BTL-C-2O,019f583e-c92d-7026-8d8e-a78ebbb41138,34.21
Battle Cobra,BTL-C-2OA,019f583e-c92e-7958-8b63-6bd75215a8e0,34.21
Battle Cobra,BTL-C-2OB,019f583e-c930-7703-8a27-431006dd09ab,34.21
Battle Cobra,BTL-C-2OC,019f583e-c932-76c0-8932-7125be212dfd,34.21
Battle Cobra,BTL-C-2OD,019f583e-c934-7d76-a46b-2bd97e08990d,34.21
Battle Cobra,BTL-C-2OE,019f583e-c936-75d9-a57d-1828002ef12a,34.21
Battle Cobra,BTL-C-2OF,019f583e-c938-7cfd-adc1-9db464d5f66a,34.21
Battle Cobra,BTL-C-2OG,019f583e-dcaa-742a-a6e7-bf396861d346,34.21
Battle Cobra,BTL-C-2OH,019f583e-dcab-7f40-aefc-85284df995b3,34.21
Battle Cobra,BTL-C-2OI,019f583e-dcad-7c29-9532-f5f96e8c3f8d,34.21
Battle Cobra,BTL-C-2OJ,019f583e-dcb0-70da-8e57-d2c769ccdb4b,34.21
Battle Cobra,C,019f583e-c939-7151-a92f-3eb7155002e7,34.21
Battle Cobra,F,019f583e-da60-789f-bcc0-ca7959c0cca9,34.21
Battle Cobra,G,019f583e-da61-7b3c-ae3a-172f168a946e,34.21
Battle Cobra,H,019f583e-c93b-75e0-b93a-f8fc3e85ad57,34.21
Battle Cobra,I,019f583e-da63-7f41-bf5c-f04c107f0927,34.21
Battle Cobra,J,019f583e-da64-7d00-807e-949dd65b1c2b,34.21
Battle Cobra,Prime,019f583e-c93f-7037-b8ac-61546648954b,34.21
Battle Cobra,T,019f583e-da74-7ec9-9142-7dfcd41f08ad,34.21
Battle Cobra,X,019f583e-da76-78c0-9497-3185654dbcc8,34.21
BattleMaster,BLR-10S,019f583e-d130-7ea8-a7d1-6267bc8dc5d9,51.59
BattleMaster,BLR-10S2,019f583e-d132-733b-8ef4-71be0fde80ef,51.59
BattleMaster,BLR-1D,019f583e-c19e-79e8-9e8e-1a5f84d79c07,51.59
BattleMaster,BLR-1G,019f583e-c1a2-737e-90ee-5776126d69cf,51.59
BattleMaster,BLR-1G (Red Corsair),019f583e-de99-79cb-96d1-94b8c6231f7a,51.59
BattleMaster,BLR-1G-DC,019f583e-c1a1-79b2-beeb-bb3185716b9c,51.59
BattleMaster,BLR-1Gb,019f583e-ce32-74df-9e47-5be1b7a688a0,51.59
BattleMaster,BLR-1Gbc,019f583e-ce33-7af3-ad75-e16817ee1cfb,51.59
BattleMaster,BLR-1Gc,019f583e-ce35-74e5-b11e-f6af21ad527d,51.59
BattleMaster,BLR-1Gd,019f583e-d5e2-75a2-a641-10da623d8810,51.59
BattleMaster,BLR-1GHE 'HellSlinger',019f583e-d5e0-71c9-baac-e8e13c475b5f,51.59
BattleMaster,BLR-1S,019f583e-c1a3-7e9f-a860-9a330bf8a722,51.59
BattleMaster,BLR-2C,019f583e-d133-7af6-86b9-a3cc26fda1f6,51.59
BattleMaster,BLR-3M,019f583e-d135-72a5-9a5f-3059a41ddb53,51.59
BattleMaster,BLR-3M (Rogers),019f583e-de86-74a1-abde-ed415af2b316,51.59
BattleMaster,BLR-3M-DC,019f583e-db37-7f60-b64d-a0dda5996233,51.59
BattleMaster,BLR-3S,019f583e-d137-7642-857f-ee997a9dbe46,51.59
BattleMaster,BLR-4L,019f583e-d138-7984-87f0-cb3d4b975ef8,51.59
BattleMaster,BLR-4S,019f583e-d13a-757a-a01f-e711acd31fc8,51.59
BattleMaster,BLR-4S (Calvin II),019f583e-df22-7d9e-8ffd-e274c5aa21e1,51.59
BattleMaster,BLR-4S (Calvin),019f583e-df25-77ac-acec-58fdb9a03d9d,51.59
BattleMaster,BLR-5M,019f583e-d13b-7f0e-91cf-d158fd42bb9b,51.59
BattleMaster,BLR-6C,019f583e-db39-71df-8067-34e8cd232650,51.59
BattleMaster,BLR-6G,019f583e-db3b-73b9-a283-2f6a341d14c9,51.59
BattleMaster,BLR-6M,019f583e-d4cf-70cd-84c5-ca67f07dadfd,51.59
BattleMaster,BLR-6R,019f583e-db3d-75f6-88b6-616a20e4c3a0,51.59
BattleMaster,BLR-6X,019f583e-d13d-7317-811c-e07b0db95a5d,51.59
BattleMaster,BLR-CM,019f583e-d140-79cf-8594-f6cb3870039b,51.59
BattleMaster,BLR-K3,019f583e-d141-7598-901b-57285a49b457,51.59
BattleMaster,BLR-K4,019f583e-d143-7d1e-aec2-f5d9f074e793,51.59
BattleMaster,BLR-M3,019f583e-d145-7e5a-9d07-50969145e443,51.59
BattleMaster,C,019f583e-d148-7aa5-ab1c-91582f6d1cab,51.59
BattleMaster,C 2,019f583e-d4d1-7546-8a5b-fa8ccb30e216,51.59
BattleMaster,C 3,019f583e-db3e-77cc-aa0e-e7bcb9005437,51.59
Behemoth,,019f583e-c756-7c5f-a440-7a7ca7bae65d,47.34
Behemoth,(2658),019f583e-aae1-78e8-935c-9afaa273d35f,47.34
Behemoth,(2782),019f583e-aae3-77f0-8291-d2b630929030,47.34
Behemoth,2,019f583e-c74f-7dc8-8bee-0ad53ef4e36e,47.34
Behemoth,3,019f583e-c750-7cd0-9010-44d86915f412,47.34
Behemoth,4,019f583e-c752-75b5-8ed0-3c7c44e6ea39,47.34
Behemoth,5,019f583e-c753-7ee0-bf7e-0c3408cff941,47.34
Behemoth,6,019f583e-c755-7c2d-8370-ec8c40afd05c,47.34
Behemoth,7,019f583e-d9dd-797a-8f03-eff138db4523,47.34
Behemoth,8,019f583e-d9e0-738b-84eb-98d6020f3d71,47.34
Behemoth,BHN-6H,019f583e-d9e3-70eb-ab42-95d6a9d1d871,47.34
Behemoth Heavy Tank,,019f583e-e25e-7bcc-98db-f0e4490970ab,18.96
Behemoth Heavy Tank,(Armor),019f583e-e25a-7f08-9413-cfdaa55c0537,18.96
Behemoth Heavy Tank,(Davion),019f583e-e9fc-79fc-ae2c-a0e5d9b4795d,18.96
Behemoth Heavy Tank,(Flamer),019f583e-e25c-7579-91e7-b5ba8f0f4fbc,18.96
Behemoth Heavy Tank,(Kurita Upgrade),019f583e-e9fd-7a32-babb-df82c9932a7e,18.96
Behemoth Heavy Tank,(Kurita),019f583e-e9ff-739c-bcae-75e99b9f653a,18.96
Behemoth Heavy Tank,(Liao),019f583e-ea00-70b7-b423-47656fd503e3,18.96
Behemoth Heavy Tank,(Refit),019f583e-ea02-722d-b6ac-0960d1cc57e2,18.96
Black Hawk,A,019f583e-c376-7862-b69f-40ee45538d59,33.6
Black Hawk,B,019f583e-c377-755f-b8bf-e2c1849efce0,33.6
Black Hawk,C,019f583e-c379-7395-8d04-a69cfd9a4243,33.6
Black Hawk,D,019f583e-c37b-726d-a1c3-9bb009f790be,33.6
Black Hawk,E,019f583e-c37d-7a8a-9550-91012b58c645,33.6
Black Hawk,F,019f583e-c37e-75ce-a348-7889d6f9b7c7,33.6
Black Hawk,G,019f583e-d8be-7d28-97cc-182404b303bb,33.6
Black Hawk,H,019f583e-c380-7091-9414-89dd4adf74ed,33.6
Black Hawk,I,019f583e-d8c0-7fbc-b369-7441c8c8a043,33.6
Black Hawk,J,019f583e-d8c1-7335-bb87-55d306321377,33.6
Black Hawk,K,019f583e-d8c3-7386-bcb9-de1deda7fa81,33.6
Black Hawk,L,019f583e-d8c6-7865-923a-d6fde85e5b85,33.6
Black Hawk,Prime,019f583e-c382-7c88-8e97-e336ab182970,33.6
Black Hawk,R,019f583e-d8c7-7fe5-9bb5-1a3e0d489ca2,33.6
Black Hawk,S,019f583e-c384-7e7a-a0e8-c07d0bf08328,33.6
Black Hawk,T,019f583e-d8c9-7dbc-b13b-7b5b290606c6,33.6
Black Hawk,U,019f583e-d068-7d00-b5ff-f1d4b3c90b18,33.6
Black Hawk,X,019f583e-d3e7-7924-b3e3-450c171e4d29,33.6
Black Knight,BL-10-KNT (Ross),019f583e-dd6a-7e83-988e-4cd21205f52c,49.54
Black Knight,BL-12-KNT,019f583e-c385-74f1-905f-0342bdc470ee,49.54
Black Knight,BL-18-KNT,019f583e-d875-77c9-b76c-906af654ca5d,49.54
Black Knight,BL-6-KNT,019f583e-c387-7668-8cdd-b9fb58190eb6,49.54
Black Knight,BL-6-KNT (Ian),019f583e-dd60-73fa-ad5b-0ee4f088fe17,49.54
Black Knight,BL-6-RR,019f583e-c389-7899-969f-b6c28963bc75,49.54
Black Knight,BL-6b-KNT,019f583e-c38b-710f-9bfb-d8d40bc6a67d,49.54
Black Knight,BL-7-KNT,019f583e-c1a8-70d7-8fef-1afd47d995a4,49.54
Black Knight,BL-7-KNT-L,019f583e-c1a6-7577-912c-a592f99d9cc9,49.54
Black Knight,BL-9-KNT,019f583e-de2d-748f-971f-59f481f622cc,49.54
Black Knight,BL-X-KNT 'Red Reaper',019f583e-dfab-77b8-ad4c-17d77ecf51f0,49.54
Black Knight,BLK-NT-2Y,019f583e-d318-7706-b844-36b049d5fc37,49.54
Black Knight,BLK-NT-3A,019f583e-d31a-7aa5-93d0-0fffc2849426,49.54
Black Knight,BLK-NT-3B,019f583e-d31b-7a6a-9d91-06ab07290618,49.54
Black Knight,BLK-NT-4D,019f583e-d31d-7ce7-877a-98728687d55f,49.54
Black Knight,BLK-NT-5H,019f583e-d31e-7640-afe5-27226c2c6aa2,49.54
Black Lanner,A,019f583e-c952-72b3-a61f-7c678fddb811,36.64
Black Lanner,B,019f583e-c954-79b7-8a8b-4cf7d220bbf9,36.64
Black Lanner,C,019f583e-c956-7767-9c8c-dac2e597d485,36.64
Black Lanner,D,019f583e-c958-75fb-88a9-8b780af59199,36.64
Black Lanner,E,019f583e-c95d-71b2-861d-f2dd261c2c4e,36.64
Black Lanner,F,019f583e-d8de-73bb-99d1-c8aa6e0312b8,36.64
Black Lanner,G,019f583e-d8df-7543-a3b6-a5499c6d9cff,36.64
Black Lanner,H,019f583e-c961-78f1-b7ab-d759f5704ddf,36.64
Black Lanner,I,019f583e-d8e1-7be6-8855-34d376d34eb8,36.64
Black Lanner,J,019f583e-d8e3-7fb9-89eb-274b329c36e1,36.64
Black Lanner,Prime,019f583e-c964-79f4-a771-b5ee695e9f17,36.64
Black Lanner,T,019f583e-d8e5-72b4-afbd-618e50810637,36.64
Black Lanner,X,019f583e-d8e7-7c40-a2b1-4dd55861dea7,36.64
Blackjack,BJ-1,019f583e-c1aa-7400-a152-21c7aaeffa79,38.55
Blackjack,BJ-1 'Arrow',019f583e-d604-7825-96d3-4e3cc4176709,38.55
Blackjack,BJ-1DB,019f583e-c1ac-79bf-80ca-6783ce5b330c,38.55
Blackjack,BJ-1DC,019f583e-c1ad-7666-90b5-a403b4e2ab01,38.55
Blackjack,BJ-1X,019f583e-c1af-7c48-802a-2fcdf9225759,38.55
Blackjack,BJ-2,019f583e-c38d-732a-a836-9c72ddf4eee2,38.55
Blackjack,BJ-2A,019f583e-dcfc-720d-aa00-e19f81d6db48,38.55
Blackjack,BJ-2r,019f583e-d3ec-74ef-a7f0-10d18811bf64,38.55
Blackjack,BJ-2t,019f583e-dcfe-7e4d-8550-abf22561d0ed,38.55
Blackjack,BJ-3,019f583e-c38f-7592-8346-866e67ad1530,38.55
Blackjack,BJ-4,019f583e-c391-772a-9450-35341460aadf,38.55
Blackjack,BJ-5,019f583e-dbb5-73e9-bdac-a09959bb33de,38.55
Blackjack,BJ2-O,019f583e-c967-7768-b6df-e8e7ef31ede2,38.55
Blackjack,BJ2-OA,019f583e-c969-7ee1-aa31-f671c41c88a2,38.55
Blackjack,BJ2-OB,019f583e-c970-7cfd-a043-0b130774a4b8,38.55
Blackjack,BJ2-OC,019f583e-c974-73e6-8114-6adb98d0c4d5,38.55
Blackjack,BJ2-OD,019f583e-c977-73b1-b679-875e7058a48a,38.55
Blackjack,BJ2-OE,019f583e-c97a-7a1c-b6e2-b5b02d1b8971,38.55
Blackjack,BJ2-OF,019f583e-c97d-7b4d-ab6b-4b101de029b6,38.55
Blackjack,BJ2-OG,019f583e-d3ef-7572-8022-c85f78db5105,38.55
Blackjack,BJ2-OR,019f583e-c980-7b31-b348-9137ae03416a,38.55
Blackjack,BJ2-OU,019f583e-d06d-7fb0-84fe-bcb94dde23ca,38.55
Blackjack,BJ2-OX,019f583e-c982-76d1-a05b-c126ac5f2fcc,38.55
Blackjack,C,019f583e-dcff-7779-9a6f-b122ff4537d6,38.55
Bulldog Medium Tank,,019f583e-e263-7e7a-a0cb-656a1bb5a825,14.97
Bulldog Medium Tank,(AC2),019f583e-e260-75d2-84ad-b6927336283b,14.97
Bulldog Medium Tank,(Cell),019f583e-e828-77d3-838e-f35fa1c2d803,14.97
Bulldog Medium Tank,(Chemical),019f583e-e981-7c4a-b951-cd5687d09fc7,14.97
Bulldog Medium Tank,(ERLL),019f583e-e983-7903-9570-170184cd7f83,14.97
Bulldog Medium Tank,(LB-X),019f583e-e984-7f87-805e-54f08f7b5bb7,14.97
Bulldog Medium Tank,(LRM),019f583e-e261-7e37-8b3f-8e8e61f10473,14.97
Bulldog Medium Tank,(Plasma),019f583e-e987-78b9-9679-d6440ecd6418,14.97
Bushwacker,BSW-L1,019f583e-c984-7ea9-b58c-9c1184aaf951,40.83
Bushwacker,BSW-S2,019f583e-c986-799d-ab39-4800bbc6c3e5,40.83
Bushwacker,BSW-S2r,019f583e-d072-7e68-8978-29b7863657aa,40.83
Bushwacker,BSW-X1,019f583e-c988-7319-98cd-7031e6929c2c,40.83
Bushwacker,BSW-X2,019f583e-c98a-7f37-8f66-5818ed6f364e,40.83
Bushwacker,BSW-X4,019f583e-d9e6-704d-ac85-beed6c13809a,40.83
Caesar,CES-3R,019f583e-c39e-765d-9625-e8bebda2dba1,51.38
Caesar,CES-3R 'Archangel',019f583e-c39b-7765-8c07-ed3ae311de76,51.38
Caesar,CES-3R (Gertrude),019f583e-c39c-7275-a549-98f93a817285,51.38
Caesar,CES-3S,019f583e-c3a0-7952-8c44-8b1a1051e8cd,51.38
Caesar,CES-4R,019f583e-c3a2-77d3-a5c4-c88c4676678a,51.38
Caesar,CES-4S,019f583e-c3a4-7b11-8a43-f74fa4c19329,51.38
Caesar,CES-5D,019f583e-d4d6-75a9-9cdb-4c3cf3397520,51.38
Caesar,CES-5R,019f583e-daf8-7978-b1ce-31c3f78d46d3,51.38
Cataphract,CTF-0X,019f583e-e097-73ab-819b-1e1fb8913698,45.93
Cataphract,CTF-1X,019f583e-c1b3-78f5-9685-97ddf292faa9,45.93
Cataphract,CTF-2X,019f583e-c1b5-7e46-a412-440c2bc3ab5f,45.93
Cataphract,CTF-2X (George),019f583e-dd61-783b-b502-4d6d347b02aa,45.93
Cataphract,CTF-3D,019f583e-c3a6-7101-a66b-8f9ad6b09af4,45.93
Cataphract,CTF-3L,019f583e-c3a8-7fbf-9b6f-afc0187bc350,45.93
Cataphract,CTF-3LL,019f583e-c3aa-7c61-882a-55e04073ebd1,45.93
Cataphract,CTF-3X (Sara),019f583e-dd6c-76de-a2f6-4c883f11af35,45.93
Cataphract,CTF-4L,019f583e-c3ac-7258-832e-1c4558cbb81c,45.93
Cataphract,CTF-4X,019f583e-c3ae-701d-b1c2-f3d686019b61,45.93
Cataphract,CTF-5D,019f583e-c3af-757e-93c6-0562931c2cdc,45.93
Cataphract,CTF-5L,019f583e-dbf4-7e8d-8c74-fdc8120327cc,45.93
Cataphract,CTF-5LL,019f583e-dbf6-7ce2-9aaa-6ca42bcc22d7,45.93
Cataphract,CTF-5MOC (Naomi),019f583e-de79-78e5-aef0-95a091dab6ae,45.93
Catapult,CPLT-A1,019f583e-c1b6-7350-92a5-07776c9931a4,49.24
Catapult,CPLT-C1,019f583e-c1ba-779f-b22a-55757e46e82c,49.24
Catapult,CPLT-C1 (Jenny) 'Butterbee',019f583e-c1b8-745e-a9ae-f6e2a03ef67f,49.24
Catapult,CPLT-C1b,019f583e-c1bc-71c9-92c5-01488f63105b,49.24
Catapult,CPLT-C2,019f583e-c3b1-796a-a0b8-9a71955dd772,49.24
Catapult,CPLT-C3,019f583e-c3b4-768a-9dc5-c0c0d96f0483,49.24
Catapult,CPLT-C4,019f583e-c1be-7b2d-a532-a3b24a087aaf,49.24
Catapult,CPLT-C4C,019f583e-c3b5-7a2a-ad1c-97a1dffb9a03,49.24
Catapult,CPLT-C5,019f583e-c3b7-7c18-b72e-85d85bf5d3e6,49.24
Catapult,CPLT-C5A,019f583e-d075-7ef2-9153-ebf9fe3e5bac,49.24
Catapult,CPLT-C6,019f583e-c3b9-75e8-8156-1bd429688a42,49.24
Catapult,CPLT-H2,019f583e-c3bb-796a-b8a0-9361f6bcb017,49.24
Catapult,CPLT-K2,019f583e-c1bf-7bda-a2cf-73a3831a6fec,49.24
Catapult,CPLT-K2 (Kasigi),019f583e-d614-71bb-b981-5313abb92927,49.24
Catapult,CPLT-K2K,019f583e-c3bd-74da-a4a2-04ed3b959109,49.24
Catapult,CPLT-K3,019f583e-c3bf-7df7-bdcc-0b11a6f0d2a9,49.24
Catapult,CPLT-K4,019f583e-c3c0-7829-8cbb-da1a1095b173,49.24
Catapult,CPLT-K5,019f583e-c3c2-7896-9ad0-c1bf463600ea,49.24
Catapult,CPLT-K6,019f583e-dbd9-72a3-8d58-5cf4feb32fe4,49.24
Cauldron-Born,(Samantha),019f583e-de57-7e24-b4c3-1f4e42f695da,39.35
Cauldron-Born,A,019f583e-c98c-751f-95fe-6a338912e5a0,39.35
Cauldron-Born,B,019f583e-c98e-74d9-a412-262d51de3e99,39.35
Cauldron-Born,C,019f583e-c990-7a2e-9e5a-07a6f8597bdf,39.35
Cauldron-Born,D,019f583e-c992-7023-a587-d8115f3bc998,39.35
Cauldron-Born,E,019f583e-d90c-7569-beb6-477cc9662c14,39.35
Cauldron-Born,F,019f583e-d90e-75f0-8fe1-5c1a5345dbcf,39.35
Cauldron-Born,G,019f583e-d910-76ce-b90a-d51d500069e5,39.35
Cauldron-Born,H,019f583e-c994-78c9-ad86-429b433c5947,39.35
Cauldron-Born,Prime,019f583e-c996-7e11-9749-23a4e944c9b3,39.35
Cauldron-Born,T,019f583e-d912-72bf-a6b0-92aa31e7cf56,39.35
Cauldron-Born,U,019f583e-d079-73c5-b205-7a2788acf2db,39.35
Cauldron-Born,X,019f583e-d914-7b70-979b-88f60eea0453,39.35
Centurion,CN10-B,019f583e-c3c4-70b4-8e38-2fc20e158056,44.23
Centurion,CN10-D,019f583e-d7fd-7ec4-9646-9d9e6ab2c79d,44.23
Centurion,CN10-J,019f583e-dcf5-7d0a-8cbe-d962217d5249,44.23
Centurion,CN10-W,019f583e-dcf7-786e-87fb-996f5fc67169,44.23
Centurion,CN11-O,019f583e-d31f-7c4f-91ce-412d7ff13b87,44.23
Centurion,CN11-OA,019f583e-d321-7b72-8acf-1603f478bdb6,44.23
Centurion,CN11-OB,019f583e-d322-7970-9869-0747f03dbd90,44.23
Centurion,CN11-OC,019f583e-d324-7012-9e97-2ad80c7d7d4c,44.23
Centurion,CN11-OD,019f583e-d325-7eb5-af67-1f71a651395e,44.23
Centurion,CN11-OE,019f583e-d326-78a3-baaa-8cf760efed93,44.23
Centurion,CN9-A,019f583e-c1c1-7e2c-bdcd-43bb06df6cc0,44.23
Centurion,CN9-AH,019f583e-c1c2-73bf-b6a6-379bc3229729,44.23
Centurion,CN9-AL,019f583e-c1c4-71b6-9edb-1147ba900282,44.23
Centurion,CN9-Ar,019f583e-d07b-7364-b75c-a90c07267c79,44.23
Centurion,CN9-D,019f583e-c3c6-74fe-bc1c-ccd7a5efb55c,44.23
Centurion,CN9-D3,019f583e-c3c8-7b4e-a68a-39d6020a0e3b,44.23
Centurion,CN9-D3D,019f583e-c3c9-71e4-8a2d-3cb2d775f7e5,44.23
Centurion,CN9-D4D,019f583e-c3cb-7b27-b69b-11baf18775dc,44.23
Centurion,CN9-D5,019f583e-c3cd-78e7-b9c6-1d3058d2be05,44.23
Centurion,CN9-D9,019f583e-c3cf-7e0b-8b22-734f2b7e1683,44.23
Centurion,CN9-Da,019f583e-c3d0-70f1-8f44-ca18ab10119b,44.23
Centurion,CN9-H,019f583e-e060-7954-a99d-e4d2359ca74b,44.23
Centurion,CN9-H2 MilitiaMech,019f583e-dd80-77ea-9da0-0393c052630d,44.23
Centurion,CN9-H2H MilitiaMech,019f583e-dd82-7d73-ac0c-1cf1a3ecab25,44.23
Centurion,CN9-H3 MilitiaMech,019f583e-dd83-76dc-9f52-228c7d73fd6a,44.23
Centurion,CN9-K,019f583e-c15f-74f4-84aa-4e651a3fa05c,44.23
Centurion,CN9-YLW 'Yen Lo Wang',019f583e-c1c5-7ee5-a9fa-e126b7d6c2ac,44.23
Centurion,CN9-YLW2 'Yen Lo Wang',019f583e-c3d2-7787-bbd5-c8d11470651a,44.23
Centurion,CN9-YLW3 'Yen Lo Wang',019f583e-de80-77b2-927c-f708e395a237,44.23
Centurion,CNT-1A,019f583e-aef5-7794-a271-084901661378,44.23
Centurion,CNT-1D,019f583e-aef7-7ca6-8f18-a1fc16cfa4b2,44.23
Centurion,CNT-2D,019f583e-aef9-70eb-a580-f695bceeb231,44.23
Centurion,CNT-3S,019f583e-aefb-791c-a9de-b4bd31442531,44.23
Chameleon,CLN-7V,019f583e-c9a0-742b-92b8-31bb286fbedf,42.33
Chameleon,CLN-7VQ 'Q-'Mech',019f583e-dfc0-784e-8d28-d99d0141a289,42.33
Chameleon,CLN-7W,019f583e-c9a2-76f2-9d4c-27b20788a6ae,42.33
Chameleon,CLN-7Z,019f583e-c9a3-79c3-b536-d3c66ee416e9,42.33
Chameleon,CLN-8V,019f583e-dae3-71f0-b1da-1063f2afc38c,42.33
Chameleon,CLN-9V,019f583e-dae5-7f89-bd15-0e75675daf7f,42.33
Chameleon,TRC-4B,019f583e-dae6-790d-8a59-b66f98459927,42.33
Chameleon,TRC-4C,019f583e-dae9-7249-bb54-321da5f20ee6,42.33
Charger,C,019f583e-db30-733d-8ebe-a576ea776245,50.94
Charger,CGR-1A1,019f583e-c1ca-7250-bc52-432beab20e1e,50.94
Charger,CGR-1A2,019f583e-c11d-7dae-99b1-0cb88b8fac54,50.94
Charger,CGR-1A5,019f583e-c1cc-7101-8612-6388b18c8b10,50.94
Charger,CGR-1A9,019f583e-c1cd-7c96-8100-034c4c7848ff,50.94
Charger,CGR-1L,019f583e-c1ce-7d57-a0f8-3d301e45f059,50.94
Charger,CGR-1X1,019f583e-df6e-7e00-bcd5-674548fd8916,50.94
Charger,CGR-2A2,019f583e-c3db-78a3-a33f-9fb7e2aa2cf7,50.94
Charger,CGR-3K,019f583e-c3dd-70db-8d59-309dcbb4e4ff,53.91
Charger,CGR-3Kr,019f583e-d084-7923-a632-6276af7e6caf,50.94
Charger,CGR-C,019f583e-c3df-7f36-8aac-b9d2cbaa9bdb,50.94
Charger,CGR-KMZ,019f583e-c3e1-7854-8a32-5ed98c273a1b,50.94
Charger,CGR-SA5,019f583e-c3e2-7880-83fa-82c5a12d8a47,50.94
Charger,CGR-SB 'Challenger',019f583e-c1d0-78f7-8442-8a8db9d1b8de,50.94
Cicada,CDA-2A,019f583e-c1d1-79fe-996b-d51b4227865c,36.77
Cicada,CDA-2B,019f583e-c1d3-7e75-881c-2c9e96fd134d,36.77
Cicada,CDA-2C,019f583e-c162-7e8a-8ae3-0e7a9af15266,36.77
Cicada,CDA-3C,019f583e-c1d5-7334-8585-98d22cf7f41d,36.77
Cicada,CDA-3F,019f583e-c3e4-7aa9-ae68-78b52ef35244,36.77
Cicada,CDA-3G,019f583e-c3e6-74dc-a0cc-5cef5aeeecc8,36.77
Cicada,CDA-3M,019f583e-c3e8-723c-a8bc-4f2e320002ba,36.77
Cicada,CDA-3MA,019f583e-c3e9-7043-bd82-9345cea68f67,36.77
Cicada,CDA-3P,019f583e-c3eb-74b7-b470-89ce37408336,36.77
Cicada,CDA-4A,019f583e-db26-7c00-bd4d-d4be314917cb,36.77
Clint,CLNT-1-2R,019f583e-c1d7-7d63-b553-4e1585cad739,41.5
Clint,CLNT-2-3T,019f583e-c1db-7e69-98c5-51597bfc2a17,41.5
Clint,CLNT-2-3T (Denton),019f583e-c1d8-7dd2-88d4-d768ee6b59a0,41.5
Clint,CLNT-2-3U,019f583e-c3ec-7437-b4ff-c49b09db411b,41.5
Clint,CLNT-2-3UL,019f583e-c3ef-7c38-b4b0-b7802f26c704,41.5
Clint,CLNT-2-4T,019f583e-c1dc-7bb0-b5d5-d026c5e2908c,41.5
Clint,CLNT-3-3T,019f583e-c3f1-7872-96a8-88be8f198716,41.5
Clint,CLNT-3-4T,019f583e-db74-7db2-a2d1-a3381935adb6,41.5
Clint,CLNT-5U,019f583e-c3f3-7699-8cca-c54e790d69e1,41.5
Clint,CLNT-6S,019f583e-c3f4-7112-a507-7653d7fe1418,41.5
Commando,Battlefield Infiltration Units,019f583e-b652-7d06-8b84-153ba67dd9b9,35.92
Commando,COM-1A,019f583e-dfd6-7b47-a008-971fd81d8558,35.92
Commando,COM-1AK,019f583e-de1c-7b75-8d0d-348c610263e5,35.92
Commando,COM-1B,019f583e-c3f6-78ee-bf77-ba02dbefea54,35.92
Commando,COM-1C,019f583e-c3f8-7ab9-a6ed-f9bb70d37e23,35.92
Commando,COM-1D,019f583e-c1de-71d3-a1f5-844dcbea2f31,35.92
Commando,COM-2D,019f583e-c1df-7ba1-9e40-a6f8b34451a9,35.92
Commando,COM-2Dr,019f583e-d085-78a1-991a-a8f3b9b9d136,35.92
Commando,COM-3A,019f583e-c1e2-7ad8-bbd7-faf3f52c7bd5,35.92
Commando,COM-4H,019f583e-c3f9-79f8-81e0-e04674cded0b,35.92
Commando,COM-5S,019f583e-c3fb-750c-88bd-0589357e584b,35.92
Commando,COM-7A,019f583e-dcd3-7db8-8297-8e804ab7d3ce,35.92
Commando,COM-7B,019f583e-c3fd-7710-b826-99be84e21f10,35.92
Commando,COM-7J,019f583e-dcd5-77e2-ac24-0f7c6ae374f7,35.92
Commando,COM-7S,019f583e-c3fe-7eb8-8434-cf09ede4078e,35.92
Commando,COM-7S2 (Freyr),019f583e-dfca-7b45-934a-f188cee1d8e5,35.92
Commando,COM-7T 'Blazing Inferno II',019f583e-dcd7-75cc-8d91-2bd284860ea0,35.92
Commando,COM-7W,019f583e-dcd9-77de-81bc-891f0b7c1d36,35.92
Commando,COM-7X,019f583e-dcda-7744-9639-e0582539cd06,35.92
Commando,COM-7Y,019f583e-dcdc-7b08-aab9-71af2e21dafe,35.92
Commando,COM-7Y2 'Blazing Inferno',019f583e-dcde-707e-9550-8bcb0e5b13b1,35.92
Commando,COM-7Z,019f583e-dce3-7e8b-8e75-8f7c93baf4a0,35.92
Commando,COM-7Z2,019f583e-dce5-7d9c-b050-9998689284a9,35.92
Commando,COM-8S,019f583e-d3f3-7e14-ab26-56486ddc5375,35.92
Commando,COM-9S,019f583e-d7d1-7d0a-abfd-6a359468e30e,35.92
Condor Heavy Hover Tank,,019f583e-e269-7927-b137-789bc539d0db,15.26
Condor Heavy Hover Tank,(Davion),019f583e-e264-72aa-8eb3-10e03a603f91,15.26
Condor Heavy Hover Tank,(Fission),019f583e-ec7e-7b9b-b6bb-40be930a143f,15.26
Condor Heavy Hover Tank,(Flamer),019f583e-e266-769c-bbed-3f405f2972a0,15.26
Condor Heavy Hover Tank,(Fusion),019f583e-e995-7256-8621-31730f4fb6b0,15.26
Condor Heavy Hover Tank,(LAC),019f583e-e996-77d6-8928-fc4fabdb67a6,15.26
Condor Heavy Hover Tank,(Laser Upgrade),019f583e-e82c-7f3c-ba40-a13d3ada909e,15.26
Condor Heavy Hover Tank,(Laser),019f583e-e997-7f8e-85e5-f62807e9824d,15.26
Condor Heavy Hover Tank,(Liao),019f583e-e267-7b6d-b0cc-97059fc4523e,15.26
Condor Heavy Hover Tank,(Ultra),019f583e-e99a-7015-84db-2b521582e652,15.26
Condor Heavy Hover Tank,(Upgrade),019f583e-e5d2-7b85-986e-f76bb41fdc44,15.26
Condor Heavy Hover Tank,(Upgrade) (Laser),019f583e-e5d1-77f6-8fd7-0cfa6001f4ac,15.26
Condor Heavy Hover Tank,C,019f583e-e99b-79ec-aecf-7a99507477c1,15.26
Coolant Truck,(Hover),019f583e-e26a-73f7-8c4d-f127e7c31821,10.59
Coolant Truck,(Tracked),019f583e-e26c-74a3-940a-2d94c48f64b5,10.59
Coolant Truck,135-K,019f583e-e26d-7725-80b1-4a6750459beb,10.59
Cougar,A,019f583e-cbc3-728f-9be3-c888bffac5ca,30.78
Cougar,B,019f583e-cbc5-722c-bcf0-724c1625063f,30.78
Cougar,C,019f583e-cbc7-738a-9b21-83d907e40516,30.78
Cougar,D,019f583e-cbc9-7396-958c-75a70fa06bc9,30.78
Cougar,E,019f583e-d9a2-7cea-a77c-de86fb57a96b,30.78
Cougar,F,019f583e-d9a4-7df0-9c02-e24c987315d6,30.78
Cougar,G,019f583e-d9a6-728c-b599-1897c40d6c19,30.78
Cougar,H,019f583e-d9a8-7f3b-899b-abbce426941b,30.78
Cougar,I,019f583e-d9a9-7c10-951a-9b345b01c011,30.78
Cougar,Prime,019f583e-cbca-7ad4-962e-e01013f88cd7,30.78
Cougar,T,019f583e-d9ac-7ef0-ac32-07addc0024cb,30.78
Cougar,X,019f583e-d3f9-7ee3-8c66-7176363fbb09,30.78
Cougar,X 2,019f583e-d3f5-756d-a4c9-94a8355d0dac,30.78
Cougar,X 3,019f583e-d3f7-7019-ae5f-69a4e9505265,30.78
Cougar,XR,019f583e-df5c-7bab-ae8d-734bf2549f5a,30.78
Crab,CRB-20,019f583e-c1e4-7d03-a9cd-ff4cf5046746,37.42
Crab,CRB-27,019f583e-c400-747e-a04a-657885cdcd4c,37.42
Crab,CRB-27b,019f583e-ce3c-7a15-8155-8737ef3cdb3f,37.42
Crab,CRB-27sl,019f583e-d5e4-7310-83ae-026ba00e8b62,37.42
Crab,CRB-30,019f583e-c402-74fd-af68-24d081d4f584,37.42
Crab,CRB-45,019f583e-c404-78da-9a80-6ba54afcd057,37.42
Crab,CRB-54,019f583e-dbdb-7ecd-afa3-2d4b1250ca94,37.42
Crab,CRB-C,019f583e-c406-7fe7-bf41-553d0d14dd2e,37.42
Crockett,CRK-5003-0,019f583e-c1e6-7a10-8b21-7b8f8ddf7745,50.37
Crockett,CRK-5003-0 (Saddleford),019f583e-d634-76b9-9f00-97e88b93a0d0,50.37
Crockett,CRK-5003-1,019f583e-c407-7e24-a570-dcdfcfc5539c,50.37
Crockett,CRK-5003-1b,019f583e-d71f-7e39-999a-0e91c1d20062,50.37
Crockett,CRK-5003-3,019f583e-c409-7b8a-b094-538e153e0a95,50.37
Crockett,CRK-5004-1,019f583e-c40b-781b-a209-2d6aa5a61858,50.37
Crockett,CRK-5005-1,019f583e-c40c-7abd-af3f-5acb9a40bc20,50.37
Crossbow,A,019f583e-c9a6-720e-9bcd-5d71ccbd1ee7,43.22
Crossbow,B,019f583e-c9a7-7239-a749-800b9b214674,43.22
Crossbow,C,019f583e-c9a9-70b7-88b6-59e424bb2c97,43.22
Crossbow,CRS-6B,019f583e-ce41-7ce9-9d6c-8549ca8ba9aa,43.22
Crossbow,CRS-6C,019f583e-ce42-7d0b-8656-df021604d38e,43.22
Crossbow,CRS-9A,019f583e-ce43-76cb-b26f-53e4968e5fd1,43.22
Crossbow,CRS-X,019f583e-dfe2-7a40-872e-45822cd8b7ac,43.22
Crossbow,D,019f583e-c9ac-7b99-b929-28be52754ca8,43.22
Crossbow,E,019f583e-d944-7cb8-a5e2-a338e0227ba3,43.22
Crossbow,F,019f583e-d946-74d5-8b73-f95e81b32a5b,43.22
Crossbow,G,019f583e-d948-737c-990a-ade8de115913,43.22
Crossbow,H,019f583e-c9ae-7199-94eb-0dcfd8539219,43.22
Crossbow,J,019f583e-d949-7c5f-a608-ca1298247e85,43.22
Crossbow,Prime,019f583e-c9b0-7248-a059-c59d90080a3e,43.22
Crossbow,T,019f583e-d94b-7043-8a0b-39e2a0ede795,43.22
Crossbow,U,019f583e-d087-7f8e-ab9a-a38fcf19ec61,43.22
Crossbow,W,019f583e-d94d-7b47-ac61-5211a9df6a5e,43.22
Crusader,CRD-10S,019f583e-dd29-7507-9db4-66425d0ab74f,45.6
Crusader,CRD-2R,019f583e-ce45-7a6d-9902-e1412c4e4035,45.6
Crusader,CRD-3D,019f583e-c1e8-7144-8c0f-e033c80c3a6e,45.6
Crusader,CRD-3K,019f583e-c1eb-7631-962a-f48a0aae5fb2,45.6
Crusader,CRD-3L,019f583e-c1ed-7b65-afbf-fb759e229d29,45.6
Crusader,CRD-3R,019f583e-c1ef-79f1-b0ce-7548df1c9015,45.6
Crusader,CRD-3R (Bear),019f583e-d637-7541-9671-8fb461ab6b0a,45.6
Crusader,CRD-3R (Crael),019f583e-d94e-7cf9-9932-eda4f835b989,45.6
Crusader,CRD-4BR,019f583e-d950-7943-bb72-51c2dca06785,45.6
Crusader,CRD-4D,019f583e-d952-7ac1-96cd-a1db454bebae,45.6
Crusader,CRD-4K,019f583e-d954-7f0f-b340-4a5a31329c6b,45.6
Crusader,CRD-4L,019f583e-d14c-7c6e-a220-1bd1e891150d,45.6
Crusader,CRD-5K,019f583e-d14f-7800-9b0d-31708c71186b,45.6
Crusader,CRD-5M,019f583e-d956-7979-837d-4a7820fb4347,45.6
Crusader,CRD-5S,019f583e-d957-7efa-b951-6f0e2db0e8fa,45.6
Crusader,CRD-6D,019f583e-d959-7470-8b33-0fe19c7b5329,45.6
Crusader,CRD-6M,019f583e-d152-7626-97a0-dcc3bc24b0e7,45.6
Crusader,CRD-6T,019f583e-d95b-7104-a07d-890d77f9ae2a,45.6
Crusader,CRD-7D,019f583e-d95c-72e0-8e9e-492069e82e37,45.6
Crusader,CRD-7L,019f583e-d154-75b8-ad7a-af5b59a0883f,45.6
Crusader,CRD-7M,019f583e-d95f-799d-a2cd-a44b6fecc754,45.6
Crusader,CRD-7M2,019f583e-d961-79c6-914e-97d1eec0c715,45.6
Crusader,CRD-7W,019f583e-d155-7e67-9d10-e8ba059a80f0,45.6
Crusader,CRD-8L,019f583e-d157-7e4e-a13d-0f43db890ff8,45.6
Crusader,CRD-8R,019f583e-d962-7f0b-b76d-9f4063448b2a,45.6
Crusader,CRD-8S,019f583e-d15a-73c0-8727-0cf5f582515e,45.6
Crusader,CRD-9BR,019f583e-d964-77d9-b4b9-25df9061eb5c,45.6
Crusader,CRD-9R,019f583e-d966-7d65-94b1-443e16c428ab,45.6
Crusader,CRD-9S,019f583e-dd2b-7c4c-b392-ba9d785d329c,45.6
Cyclops,C,019f583e-da42-7d65-86a4-2db0f11d6b1e,55.31
Cyclops,CP-10-HQ,019f583e-c1f1-7e9e-ab1c-96c65f37aebf,55.31
Cyclops,CP-10-Q,019f583e-c1f4-72bd-aae2-26502350ef2b,55.31
Cyclops,CP-10-Z,019f583e-c1f7-7630-8b19-6a127ab8ee04,55.31
Cyclops,CP-11-A,019f583e-c410-7cd3-b214-3429a448b56c,55.31
Cyclops,CP-11-A-DC,019f583e-c40d-7dc3-95d1-95759dc3693d,55.31
Cyclops,CP-11-B,019f583e-d08a-74db-956f-ae488d7d1922,55.31
Cyclops,CP-11-C,019f583e-c412-7013-8060-697d6fce6472,55.31
Cyclops,CP-11-C2,019f583e-d091-7819-bfcc-950c044e3e30,55.31
Cyclops,CP-11-C3,019f583e-d094-741c-af79-96bf0c76c81d,55.31
Cyclops,CP-11-G,019f583e-c413-7988-82a1-8ea4d53d701a,55.31
Cyclops,CP-11-H,019f583e-c415-7b1e-9248-2593e2e74ac7,55.31
Cyclops,CP-12-K,019f583e-c416-7a1f-9f2b-1d73b5652a9b,55.31
Daishi,'Prometheus',019f583e-c424-7c1f-b45a-7554a759ff17,50.43
Daishi,'Widowmaker',019f583e-c42a-7bad-894c-a5a01f3c623b,49.05
Daishi,(Hohiro),019f583e-c420-7ddc-a7c8-64c482f26029,51.45
Daishi,A,019f583e-c418-7829-b3ba-f3e1f8a36e44,51.45
Daishi,B,019f583e-c41a-7516-8822-7a09f3178514,51.45
Daishi,C,019f583e-c41b-7470-95a7-0e630eaae465,51.45
Daishi,D,019f583e-c41d-749e-aa55-7b43238b7498,51.45
Daishi,E,019f583e-d89f-7b26-9170-d875e59b7c97,51.45
Daishi,H,019f583e-c41e-747f-9c2b-c752603d728c,51.45
Daishi,Prime,019f583e-c423-7da2-8416-4730c12fbc32,51.45
Daishi,S,019f583e-c426-7329-aa5d-b79c775ac373,51.45
Daishi,T,019f583e-d8a2-702c-8e2a-80a80c92eab9,51.45
Daishi,U,019f583e-d096-7855-9404-7aaa971efc1b,51.45
Daishi,W,019f583e-c428-7957-8822-4a1bed777fa7,51.45
Daishi,X,019f583e-d8a3-73f5-8e44-36087dea3b54,51.45
Dasher,(Aletha),019f583e-de6e-7cbe-9c27-84dc8381d9e2,31.57
Dasher,A,019f583e-c42b-7acb-b545-e1658d2e689a,31.57
Dasher,B,019f583e-c42d-7e5a-98a5-2b8b1c9ff731,31.57
Dasher,C,019f583e-c42e-7208-9e91-11fcac7b48ce,31.57
Dasher,D,019f583e-c430-7166-abea-d1c60a7dfbf8,31.57
Dasher,E,019f583e-c432-7371-8490-d17a31a17e3e,31.57
Dasher,F,019f583e-c434-771e-a354-fa8318c02725,31.57
Dasher,G,019f583e-dc52-73ec-842c-25a56b6107d8,31.57
Dasher,H,019f583e-c436-7941-a0f0-adf67c0d4f8a,31.57
Dasher,I,019f583e-dc53-7eff-9a34-4cc5e85a71f7,31.57
Dasher,J,019f583e-dc54-711d-9656-220b1464fd2c,31.57
Dasher,K,019f583e-c438-75ce-8045-b0d15c21cef6,31.57
Dasher,M,019f583e-dc55-78f0-bca7-4ced661baf26,31.57
Dasher,P,019f583e-dc57-72a8-b1ef-ca29d5662777,31.57
Dasher,Prime,019f583e-c43a-7fba-8bd5-9103f7b41ece,31.57
Dasher,R,019f583e-dc59-75b6-b203-38c372ca51e9,31.57
Dasher,T,019f583e-dc5a-70fe-84a0-c8f6492f2531,31.57
Demolisher Heavy Tank,(Arrow IV),019f583e-e988-738b-8eb1-fa8b11a359ca,19.15
Demolisher Heavy Tank,(Cell),019f583e-e98a-72e7-aa4c-432315e7ec25,19.15
Demolisher Heavy Tank,(Clan),019f583e-e98b-77e1-9a96-dc9c4a98b689,19.15
Demolisher Heavy Tank,(Defensive),019f583e-e26f-7354-91c9-f410a69bd409,19.15
Demolisher Heavy Tank,(Gauss),019f583e-e98d-7092-b323-c5e59f24516b,19.15
Demolisher Heavy Tank,(Mk. I),019f583e-e271-795f-912e-d3ff6c4060c8,19.15
Demolisher Heavy Tank,(Mk. II),019f583e-e272-701d-9be9-f181b65832e5,19.15
Demolisher Heavy Tank,(MRM),019f583e-e98f-7f1d-9664-3546dd99a736,19.15
Demolisher Heavy Tank,(Reinforced),019f583e-e991-7f2c-8015-9c77cdab3dd7,19.15
Dervish,DV-11DK,019f583e-db31-767c-a2dc-b5edf1e7fe56,43.08
Dervish,DV-1S,019f583e-dfee-76db-8f38-c2f003ee7f9d,43.08
Dervish,DV-6M,019f583e-c1fb-7ee9-aed3-ef1564e73a71,43.08
Dervish,DV-6M (Turner),019f583e-d639-72e9-bf80-2e9d334289f4,43.08
Dervish,DV-6Md,019f583e-d5e6-7865-9837-0866811c6905,43.08
Dervish,DV-6Mr,019f583e-d0a2-7aaa-941d-b4c4b46bf01d,43.08
Dervish,DV-7A,019f583e-c164-7918-b6be-f7c381059af1,43.08
Dervish,DV-7D,019f583e-c43c-7011-aaf2-37858f9cbc9c,43.08
Dervish,DV-7S,019f583e-c166-75f2-9cc7-e91b929c3c66,43.08
Dervish,DV-8D,019f583e-c43e-7863-9c2d-598b32642070,43.08
Dervish,DV-8D2 'Lightbringer',019f583e-dfcf-75db-a034-3e48cb6efb7f,43.08
Dervish,DV-9D,019f583e-c43f-7386-8c25-d94182708d46,43.08
Devastator,DVS-10,019f583e-d4d9-748a-a5ff-bb1f8364c25d,52.67
Devastator,DVS-11,019f583e-db28-7d7f-a111-5ee2ed78d248,52.67
Devastator,DVS-1D,019f583e-c9b2-7eb1-8482-79470382749a,52.67
Devastator,DVS-2,019f583e-c9b5-7d9f-829e-1203ffc3e602,52.67
Devastator,DVS-2-EC,019f583e-d657-76a2-84c2-a62d36295113,52.67
Devastator,DVS-3,019f583e-c9b8-7ea7-ab0b-e33384278950,52.67
Devastator,DVS-X10 MUSE EARTH,019f583e-df74-7db5-9fd2-ef5912377f13,52.67
Dragon,DRG-1ALAG,019f583e-dd1e-7428-89ad-a3d8f49a8faa,40.46
Dragon,DRG-1C,019f583e-c1fd-7eca-8d55-5755d5733030,40.46
Dragon,DRG-1N,019f583e-c1fe-70ff-a9f2-dcdc36d4c669,40.46
Dragon,DRG-2ALAG,019f583e-dd1f-735d-a85b-e3628a7075ac,40.46
Dragon,DRG-2Y (Yoriyoshi),019f583e-de4e-727b-ae8e-18b724110f31,40.46
Dragon,DRG-5ALAG,019f583e-dd20-7c5d-a88c-7c41d30dd490,40.46
Dragon,DRG-5N,019f583e-c442-72cc-90f6-44c6ebec80e7,40.46
Dragon,DRG-5Nr,019f583e-d0a6-7137-b1b9-3f0dd18ecfe8,40.46
Dragon,DRG-7ALAG,019f583e-dd22-795f-90f5-0a673bd39f0b,40.46
Dragon,DRG-7N,019f583e-c444-73c8-8a3b-ca0f12793dab,40.46
Dragon,DRG-8ALAG,019f583e-dd24-770a-a9ef-f73dcf2d7ad5,40.46
Dragon Fire,DGR-3F,019f583e-c9bb-708f-9695-b757f7a828fc,45.54
Dragon Fire,DGR-4/6N,019f583e-dd3e-75ae-b195-2822cb2c6773,45.54
Dragon Fire,DGR-4F,019f583e-c9bf-719f-a30a-de40708112a7,45.54
Dragon Fire,DGR-5F,019f583e-dd3f-76e3-a928-17c19abd1bee,45.54
Dragon Fire,DGR-6FC,019f583e-c9c3-7255-b133-788b8e3960ef,45.54
Dragon Fire,DGR-6FC2 (Gregory),019f583e-de7e-770f-ac42-7821bf1c1af1,45.54
Dragon Fire,DGR-7K,019f583e-dd41-7569-8637-c7d0d82162d7,45.54
Dragon Fire,DGR-9D,019f583e-dd43-758e-a8c9-39a6e115c607,45.54
Dragonfly,A,019f583e-c447-75be-9942-e0d85401686c,38.5
Dragonfly,B,019f583e-c44a-71eb-acae-793f04a856f0,38.5
Dragonfly,C,019f583e-c44b-7aa3-992e-ddae6e3cd21a,38.5
Dragonfly,D,019f583e-c44d-7cb2-8846-c036d5443436,38.5
Dragonfly,E,019f583e-c44f-7b47-a9b0-144481d0f530,38.5
Dragonfly,F,019f583e-c451-726a-ac76-3d3614e87b1d,38.5
Dragonfly,G,019f583e-c453-75d6-b4fb-e805fc570509,38.5
Dragonfly,H,019f583e-c455-7573-9408-a9bea21a3afd,38.5
Dragonfly,I,019f583e-c456-7a0d-a4f5-15670eb53d14,38.5
Dragonfly,J,019f583e-dc5d-7bc4-86f3-3ef996d54b55,38.5
Dragonfly,K,019f583e-dc5e-7dcb-9a0e-e366c0e7a04b,38.5
Dragonfly,L,019f583e-dc5f-713d-9799-5d720d12f2a2,38.5
Dragonfly,M,019f583e-dc61-7857-a58a-730d734cf7c0,38.5
Dragonfly,Prime,019f583e-c458-7cd5-9d1c-ac7d1036003f,38.5
Dragonfly,R,019f583e-dc63-7ef8-8950-5ab4fb1b8c32,38.5
Dragonfly,T,019f583e-dc65-7f2e-821b-2a03ea76f4a1,38.5
Dragonfly,U,019f583e-d0a9-761c-98df-32e2f65f8079,38.5
Dragonfly,Z,019f583e-deea-7c44-9af2-612a33f1c19f,38.5
Drillson Heavy Hover Tank,,019f583e-e278-7f72-8106-53f2c98274ef,14.68
Drillson Heavy Hover Tank,(ERLL),019f583e-ea14-7eb5-b8ee-284a43e417a4,14.68
Drillson Heavy Hover Tank,(MML),019f583e-ea19-7000-a3d1-b18e4fb50f8b,14.68
Drillson Heavy Hover Tank,(Sealed),019f583e-e75f-716d-8a83-89bfd00a8724,14.68
Drillson Heavy Hover Tank,(SRM),019f583e-e276-7db3-887c-089334f1f88f,14.68
Drillson Heavy Hover Tank,(Streak),019f583e-ea1c-7dcf-8384-42e46730c2c9,14.68
Drillson Heavy Hover Tank,C,019f583e-ea13-7bdc-a16a-3c8ac2dfed14,14.68
Drillson Heavy Hover Tank,C 2,019f583e-ea11-767d-a318-35eebb6110d1,14.68
Elemental Battle Armor,(Fire) [AP Gauss](Sqd4),019f583e-a560-7228-b890-43180da98934,10.07
Elemental Battle Armor,(Fire) [AP Gauss](Sqd5),019f583e-a563-7496-a28d-fded82319033,10.07
Elemental Battle Armor,(Fire) [AP Gauss](Sqd6),019f583e-a565-7476-9f2c-549d07951b2d,10.07
Elemental Battle Armor,(Fire) [Flamer](Sqd4),019f583e-a567-786a-b87c-c012acbbdf2e,10.07
Elemental Battle Armor,(Fire) [Flamer](Sqd5),019f583e-a56a-792e-903b-8ebe236b79b9,10.07
Elemental Battle Armor,(Fire) [Flamer](Sqd6),019f583e-a56b-7964-807c-2c5e09bdf438,10.07
Elemental Battle Armor,(Fire) [MicroPL](Sqd4),019f583e-a56d-7a51-ad61-6713adc801e2,10.07
Elemental Battle Armor,(Fire) [MicroPL](Sqd5),019f583e-a570-7138-91c5-44a283e7c28e,10.07
Elemental Battle Armor,(Fire) [MicroPL](Sqd6),019f583e-a573-7d2f-b891-76ef21a6ff2b,10.07
Elemental Battle Armor,(Headhunter)(Sqd3),019f583e-a1fb-7cd1-a2c2-e3d62eb72290,10.07
Elemental Battle Armor,(Headhunter)(Sqd4),019f583e-a1ba-74dc-a540-131c1e9bdd24,10.07
Elemental Battle Armor,(Headhunter)(Sqd5),019f583e-a1bc-74a8-a3b2-27051af3e555,10.07
Elemental Battle Armor,(Headhunter)(Sqd6),019f583e-a1bd-7a01-8f89-a2e5eb3d262c,10.07
Elemental Battle Armor,(Space) [Flamer](Sqd4),019f583e-a575-7d49-8a75-acfcd080594c,10.07
Elemental Battle Armor,(Space) [Flamer](Sqd5),019f583e-a577-78f0-9431-45f21277ef6e,10.07
Elemental Battle Armor,(Space) [Flamer](Sqd6),019f583e-a578-7c0f-83c9-c1c8b8b9a9c8,10.07
Elemental Battle Armor,(Space) [MG](Sqd4),019f583e-a57a-7856-b777-7a600569cc30,10.07
Elemental Battle Armor,(Space) [MG](Sqd5),019f583e-a57b-758c-88d1-73d4c0a85258,10.07
Elemental Battle Armor,(Space) [MG](Sqd6),019f583e-a57d-7c05-a7c0-25541179c8cd,10.07
Elemental Battle Armor,(Space) [MicroPL](Sqd4),019f583e-a57e-714b-98a4-48bd8380e047,10.07
Elemental Battle Armor,(Space) [MicroPL](Sqd5),019f583e-a580-7607-a8e8-42219b831fec,10.07
Elemental Battle Armor,(Space) [MicroPL](Sqd6),019f583e-a581-71db-a6e5-b3480ae95d51,10.07
Elemental Battle Armor,[AP Gauss](Sqd3),019f583e-a1c0-7797-b255-14f94ffbeb6f,10.07
Elemental Battle Armor,[AP Gauss](Sqd4),019f583e-a1c1-7efb-ba62-0c927e5d5896,10.07
Elemental Battle Armor,[AP Gauss](Sqd5),019f583e-a1c3-78ac-bafe-ca51013e21a2,10.07
Elemental Battle Armor,[AP Gauss](Sqd6),019f583e-a1c5-7bda-8847-33592f73cde3,10.07
Elemental Battle Armor,[ER Laser](Sqd3),019f583e-a1c7-7b8d-91c2-591e1c3ca85c,10.07
Elemental Battle Armor,[ER Laser](Sqd4),019f583e-a1c8-7867-b554-4ca73c8b2c04,10.07
Elemental Battle Armor,[ER Laser](Sqd5),019f583e-a1c9-7724-8dad-c7af25c0c142,10.07
Elemental Battle Armor,[ER Laser](Sqd6),019f583e-a1cc-728b-bd29-69272002c613,10.07
Elemental Battle Armor,[Flamer](Sqd3),019f583e-a1ce-789c-82d7-16bcfce44de2,10.07
Elemental Battle Armor,[Flamer](Sqd4),019f583e-a1cf-705f-99b5-ba26faab8165,10.07
Elemental Battle Armor,[Flamer](Sqd5),019f583e-a1d3-70c5-afe8-17202c49c684,10.07
Elemental Battle Armor,[Flamer](Sqd6),019f583e-a1d4-7721-be3a-25bbba318c7e,10.07
Elemental Battle Armor,[HMG](Sqd3),019f583e-a1d6-7fc4-b2f8-b05de9b79caf,10.07
Elemental Battle Armor,[HMG](Sqd4),019f583e-a1d8-73f3-b5db-2300d1f0d660,10.07
Elemental Battle Armor,[HMG](Sqd5),019f583e-a1d9-7eb5-a648-0c4d177326e8,10.07
Elemental Battle Armor,[HMG](Sqd6),019f583e-a1db-76c0-bbe7-5a4f91b58da1,10.07
Elemental Battle Armor,[Laser](Sqd3),019f583e-a1dd-7750-ad40-0b4b6410ab44,10.07
Elemental Battle Armor,[Laser](Sqd4),019f583e-a1df-70c6-9419-6f9e6bb6d90f,10.07
Elemental Battle Armor,[Laser](Sqd5),019f583e-a1e0-785d-a983-829ca2dd427c,10.07
Elemental Battle Armor,[Laser](Sqd6),019f583e-a1e3-773e-aeb4-f468d1481fe8,10.07
Elemental Battle Armor,[MG](Sqd3),019f583e-a1e4-7a03-880f-5f6a7eea8e8c,10.07
Elemental Battle Armor,[MG](Sqd4),019f583e-a1e7-77b5-9b2f-78000889ac7c,10.07
Elemental Battle Armor,[MG](Sqd5),019f583e-a1e8-772f-bcc1-d572636440eb,10.07
Elemental Battle Armor,[MG](Sqd6),019f583e-a1ea-7049-b683-afecbb512be2,10.07
Elemental Battle Armor,[MicroPL](Sqd3),019f583e-a1eb-7fc4-898b-a8508e3dcd4e,10.07
Elemental Battle Armor,[MicroPL](Sqd4),019f583e-a1ee-793b-bf6e-d13ccf2487fb,10.07
Elemental Battle Armor,[MicroPL](Sqd5),019f583e-a1f5-7c73-8bdf-0c4ff9ffc00e,10.07
Elemental Battle Armor,[MicroPL](Sqd6),019f583e-a1f8-7a99-a23e-a3f68f2dc5a4,10.07
Emperor,EMP-1A,019f583e-dff6-7455-a573-7b14f4406f7b,48.38
Emperor,EMP-5A,019f583e-c9c6-7e24-b460-64cbfddb664d,48.38
Emperor,EMP-6A,019f583e-c9c9-77b0-80d2-11f1e25df4ec,48.38
Emperor,EMP-6A (Nerran),019f583e-d7bb-753f-8a32-a812f51f2bfa,48.38
Emperor,EMP-6A-EC,019f583e-d65a-7029-bb8e-db0dc8b79aa6,48.38
Emperor,EMP-6D,019f583e-c9cd-7cc6-8908-06088cd8390e,48.38
Emperor,EMP-6L,019f583e-c9cf-7c34-8638-074cd8574666,48.38
Emperor,EMP-6M,019f583e-c9d2-71e1-8d0c-2bd3fe2d6b1b,48.38
Emperor,EMP-6ME 'Mercury Elite',019f583e-de6c-7e2e-ac09-0245161f41c9,48.38
Emperor,EMP-6S,019f583e-c9d5-7339-8f31-b7015c25e649,48.38
Emperor,EMP-6X,019f583e-e01c-72b0-a773-021d1bda59be,48.38
Emperor,EMP-7L,019f583e-c9d7-7d6e-a6f3-8d034ee7e499,48.38
Emperor,EMP-8L,019f583e-d411-7151-a3df-7de32240fa7f,48.38
Enforcer,ENF-4R,019f583e-c200-70d0-847f-0d36a869d9f1,40.47
Enforcer,ENF-4R (Daniel),019f583e-dd63-7de4-aa52-4c2dcaa06bfa,40.47
Enforcer,ENF-5A 'Enforcer II',019f583e-c16a-788a-8a34-0c1d6fb5b56e,40.47
Enforcer,ENF-5D,019f583e-c459-7a10-9f2c-bbdf63acb519,40.47
Enforcer,ENF-5D (Daniel),019f583e-dd6d-7775-ac39-066d08c74037,40.47
Enforcer,ENF-5R,019f583e-d976-70e5-8bb0-2345c687b5aa,40.47
Exterminator,EXT-4A,019f583e-c463-70cf-a514-361d7437d8b5,43.81
Exterminator,EXT-4C,019f583e-c467-73d7-9aea-23b966a23ac1,43.81
Exterminator,EXT-4D,019f583e-c46a-7aa1-b88e-448cf777babf,43.81
Exterminator,EXT-4Db,019f583e-d729-7ff6-a4f3-bf570f9330e5,43.81
Exterminator,EXT-4Db-EC,019f583e-d65f-7035-9d0a-555d00983f08,43.81
Exterminator,EXT-4DX,019f583e-df85-7f88-aa1e-ec19e7c8580b,43.81
Exterminator,EXT-5E,019f583e-c46c-7772-82dc-4a3132873a5d,43.81
Exterminator,EXT-5F,019f583e-c46e-7ccd-b5ff-52ca1b8a01ee,43.81
Exterminator,EXT-6CS,019f583e-df66-7677-8bb6-c403a4c454c5,43.81
Exterminator,EXT-7X,019f583e-d8ca-7d83-826e-b50955c583b4,43.81
Falconer,FLC-10R,019f583e-dd12-71d6-a21e-2e578ec3dec6,42.87
Falconer,FLC-11R,019f583e-dd14-75a1-9d0e-bef3847c6e65,42.87
Falconer,FLC-12X,019f583e-dd15-7ca1-86af-a4afa8472d39,42.87
Falconer,FLC-8R,019f583e-c78b-7d0f-ae47-e8ba48bdf4ef,42.87
Falconer,FLC-9R,019f583e-d0b4-7987-b410-adca0d103800,42.87
Fenris,A,019f583e-c47b-7305-a359-6e19956000f4,36.95
Fenris,B,019f583e-c47d-7d7e-b9b0-3caa02ec6bd7,36.95
Fenris,C,019f583e-c480-7945-b508-6e429e61a319,36.95
Fenris,D,019f583e-c483-72b8-8c39-ec69389cce2e,36.95
Fenris,E,019f583e-c486-7390-8004-ae7a915eeee6,36.95
Fenris,F,019f583e-dbb6-71f5-990a-6c87a1cc3eb1,36.95
Fenris,G,019f583e-dbc0-7d21-88ac-77e40587c093,36.95
Fenris,H,019f583e-c489-76d4-bbce-11815d943104,36.95
Fenris,I,019f583e-dbc3-79e3-a5fc-4c86e4aad534,36.95
Fenris,J,019f583e-dbc4-7e27-b766-0fd9338ff6a8,36.95
Fenris,K,019f583e-dbc5-7799-8a44-598fdea8f492,36.95
Fenris,L,019f583e-c48b-73ee-9540-8ec11d60a4a6,36.95
Fenris,Prime,019f583e-c48c-761e-9571-7dcd5519a6fc,36.95
Fenris,T,019f583e-dbc6-79bd-99a8-e992388a076f,36.95
Fenris,U,019f583e-d0be-7695-9eca-5c2290c0df2c,36.95
Fire Falcon,A,019f583e-c9f8-7fbd-b2db-34521bffd8c5,30.77
Fire Falcon,B,019f583e-c9fa-75de-a7cc-2551d89518a2,30.77
Fire Falcon,C,019f583e-c9fc-703a-9d7d-13a9044db97c,30.77
Fire Falcon,D,019f583e-c9ff-728b-aeb1-6fc41c7a4d68,30.77
Fire Falcon,E,019f583e-ca02-7816-a662-158e0a7143a8,30.77
Fire Falcon,F,019f583e-d8e8-7f77-a7b7-e61bac1ea5d5,30.77
Fire Falcon,G,019f583e-d8ea-737d-9d53-63f8d057708a,30.77
Fire Falcon,H,019f583e-ca05-7099-8416-c3352308fbd6,30.77
Fire Falcon,I,019f583e-d8eb-70e3-9ea3-9fb3025a16b0,30.77
Fire Falcon,L,019f583e-d8ed-7ec2-8d19-49b680bb2d1a,30.77
Fire Falcon,Prime,019f583e-ca07-707d-aae6-473e2ff497e6,30.77
Fire Falcon,R,019f583e-d8ee-7eb8-be4a-beac3f4ef1e9,30.77
Fire Falcon,T,019f583e-d8f0-74c2-b219-827540e249d1,30.77
Firefly,C,019f583e-c48e-7fb0-8f7d-8f8fb4f1b15c,31.14
Firefly,FFL-3A,019f583e-d730-7c89-82ad-25788cea05b8,31.14
Firefly,FFL-3PP,019f583e-d732-77d3-a62d-42d6dfb0031e,31.14
Firefly,FFL-3PP2,019f583e-d733-7399-aa61-2a59b984c195,31.14
Firefly,FFL-3PP3,019f583e-d735-75db-8483-b922e7f81042,31.14
Firefly,FFL-3SLE,019f583e-d736-71c9-8566-e5dc347170ed,31.14
Firefly,FFL-4A,019f583e-c490-72c9-9fad-3466254a8c4f,31.14
Firefly,FFL-4B,019f583e-c494-7b88-a771-5787a26b3b97,31.14
Firefly,FFL-4C,019f583e-c496-7bb4-87ef-0da8873f1587,31.14
Firefly,FFL-4D,019f583e-c49a-7c8e-8a8d-d1bf588bcb69,31.14
Firefly,FFL-4DA,019f583e-c49c-70d8-8e52-2669e7c40141,31.14
Firefly,FFL-5A,019f583e-db33-7664-9dc7-b57a6e23bc62,31.14
Firestarter,FS9-A,019f583e-c203-74a0-a4ab-2dd60bcdbed8,40
Firestarter,FS9-B,019f583e-c49f-71ae-a6be-ad8de56e50fe,40
Firestarter,FS9-C,019f583e-c4a2-7f14-b2e9-8251ec83d5b9,40
Firestarter,FS9-H,019f583e-c205-70fb-a068-0fe621f5d533,40
Firestarter,FS9-HB,019f583e-d6af-79c4-b932-39242b853db6,40
Firestarter,FS9-K,019f583e-c206-79e3-99b7-3e5fee052fa1,40
Firestarter,FS9-M 'Mirage',019f583e-c208-784c-94ec-de5b0ae70127,40
Firestarter,FS9-M2,019f583e-d56e-71d7-84e5-c657b8ca1ddc,40
Firestarter,FS9-M3,019f583e-d570-7ef6-b339-09c74981ac1b,40
Firestarter,FS9-M4,019f583e-d572-7524-bac4-9f69e409cc30,40
Firestarter,FS9-N 'Mirage II',019f583e-db2a-7061-be46-9202d10a2134,40
Firestarter,FS9-O,019f583e-ca09-79de-8c7f-31935f18d9f6,40
Firestarter,FS9-OA,019f583e-ca0b-78ea-8b4e-58f48c65f268,40
Firestarter,FS9-OB,019f583e-ca0f-74d0-9586-152e013bddaa,40
Firestarter,FS9-OC,019f583e-ca11-7065-b6a9-846675cf31f8,40
Firestarter,FS9-OD,019f583e-ca14-705c-b42a-6fe91438fbe2,40
Firestarter,FS9-OE,019f583e-ca16-7999-83fc-7776117cbf73,40
Firestarter,FS9-OF,019f583e-ca18-7720-845c-de162c8ce4e1,40
Firestarter,FS9-OG,019f583e-ca1a-7073-a285-1ca03efeba01,40
Firestarter,FS9-OH,019f583e-ca1d-74c1-a131-12fc8456298a,40
Firestarter,FS9-OR,019f583e-ca1f-712e-ab19-fd9a5b5b0f06,40
Firestarter,FS9-OU,019f583e-d0c1-7991-b633-a67d05858c25,40
Firestarter,FS9-OX,019f583e-ca20-76a4-8ed9-191ebbbc5b04,40
Firestarter,FS9-P,019f583e-c4a6-7339-b21c-c1c7cba2f74e,40
Firestarter,FS9-S,019f583e-c4a8-75e6-98ea-ec01fac91c24,40
Firestarter,FS9-S1,019f583e-c4ab-785a-97f8-13643f0d1abd,40
Firestarter,FS9-S2,019f583e-c4ad-70c1-8aae-1612f097b4f9,40
Firestarter,FS9-S3,019f583e-c4b0-742c-a872-fdb0d67ed0e0,40
Firestarter,FS9-X81,019f583e-df6f-7361-89bc-1965843a8924,40
Flashman,FLS-10E,019f583e-dade-7086-8ea0-ef0cd82ebb7d,35.14
Flashman,FLS-7K,019f583e-c20a-7872-9e87-5841fba2cd9a,35.14
Flashman,FLS-8K,019f583e-c4b2-70eb-ae54-243eff3dbbc2,35.14
Flashman,FLS-9B,019f583e-c4b5-7002-a52a-5a28fea2961e,35.14
Flashman,FLS-9C,019f583e-c4b7-7d4d-9a6c-08747a2695e6,35.14
Flashman,FLS-9M,019f583e-c4ba-78f0-90fa-d06d4ed75d90,35.14
Flashman,FLS-C,019f583e-c4bc-75e3-88da-668f3879be1a,35.14
Flea,'Fire Ant',019f583e-c4c5-758d-97a6-fe7cd69fdd2c,34.9
Flea,FLE-14,019f583e-e099-7ae1-b72b-e3cf6693b7ad,34.9
Flea,FLE-15,019f583e-c20c-743d-8042-f415551af229,34.9
Flea,FLE-16,019f583e-ddc5-73e7-b339-14e6904df4b5,34.9
Flea,FLE-17,019f583e-c4c0-768b-b0fd-b36fbbf6a28b,34.9
Flea,FLE-19,019f583e-c4c2-7177-9630-a947007eb883,34.9
Flea,FLE-20,019f583e-c4c3-75d3-8cf0-bbc6d5021b2f,34.9
Flea,FLE-21,019f583e-daf9-73ce-b74d-93a9bf6245f7,34.9
Flea,FLE-4,019f583e-c20d-7252-a39e-b6972c308ef4,34.9
Galleon Light Tank,C,019f583e-e9a2-7f5f-a0e6-21505a7828c2,14.11
Galleon Light Tank,GAL-100,019f583e-e3fd-79d8-849f-eefe6e42c150,14.11
Galleon Light Tank,GAL-102,019f583e-e3ff-7b70-b73d-77df96369117,14.11
Galleon Light Tank,GAL-103,019f583e-e401-7cf1-8f31-e9f0ff787381,14.11
Galleon Light Tank,GAL-104,019f583e-e402-7a2e-bbac-579b17d234bc,14.11
Galleon Light Tank,GAL-105,019f583e-e8af-7d8d-bb9d-ecd43e34449c,14.11
Galleon Light Tank,GAL-106,019f583e-e9a3-7e6f-b24f-6f260369d533,14.11
Galleon Light Tank,GAL-106M,019f583e-e9a6-7443-bcee-2509449c6aa8,14.11
Galleon Light Tank,GAL-200,019f583e-e405-70d4-bf06-c0e24b27c0bc,14.11
Galleon Light Tank,GAL-200 (RL),019f583e-e93e-70a8-9c92-0c610b027a5e,14.11
Galleon Light Tank,GAL-200R,019f583e-e9a7-7785-aa63-7cda7be8050b,14.11
Galleon Light Tank,GAL-201,019f583e-e9a9-7445-9d27-ceb1b4c592b5,14.11
Galleon Light Tank,GAL-300,019f583e-e9aa-72e3-8eaf-0c6020ee960f,14.11
Galleon Light Tank,Maxwell,019f583e-ebf0-7a41-8fbf-a3cf2d538ddd,14.11
Gladiator,A,019f583e-c4c6-7da7-aa84-d24dfb8e994d,53.52
Gladiator,B,019f583e-c4c8-7c28-b1ba-2271bf23421c,53.52
Gladiator,C,019f583e-c4ca-7a53-8222-2ee14385c6ba,53.52
Gladiator,D,019f583e-c4cf-7225-8bf3-f4c9e04ff2a4,53.52
Gladiator,E,019f583e-c4d1-75f5-93ed-063de7c10132,53.52
Gladiator,F,019f583e-dc72-7991-9fb6-b739fa768dfa,53.52
Gladiator,G,019f583e-dc73-7c80-bd3d-4f3dc4b624cf,53.52
Gladiator,H,019f583e-c4d4-78d2-b658-2cd569aeb8cf,53.52
Gladiator,I,019f583e-dc75-7d61-8bee-2058056d01b9,53.52
Gladiator,J,019f583e-dc76-7f9a-90d1-b735db63f7d3,53.52
Gladiator,K,019f583e-c4d5-7022-9bdd-0a0ab635ef2b,53.52
Gladiator,L,019f583e-dc78-7c51-a7ed-33656bc1c8a1,53.52
Gladiator,P,019f583e-c4d8-7c0d-8a32-f1bcf6fae467,53.52
Gladiator,Prime,019f583e-c4da-7729-82f9-b5fd86afa5c1,53.52
Gladiator,T,019f583e-dc79-7931-9ea3-58d878413937,53.52
Gladiator,TC,019f583e-de2f-7154-8923-13282030bcd8,53.52
Goliath,C,019f583e-d7d7-77a3-9412-0f7421a71e73,47.15
Goliath,GOL-1H,019f583e-c20f-7106-85bb-5f9bd3d391e1,47.15
Goliath,GOL-1M,019f583e-c11f-754d-ba30-8b8dc7ecba60,47.15
Goliath,GOL-2H,019f583e-d15b-7dc1-94a7-7e33a04640f3,47.15
Goliath,GOL-3L,019f583e-d15d-71ff-a621-cdc7ceb663c4,47.15
Goliath,GOL-3M,019f583e-da81-7d08-a944-b13f66b8f177,47.15
Goliath,GOL-3M2,019f583e-da83-77dc-b605-efe953c11459,47.15
Goliath,GOL-3S,019f583e-d15e-7aea-bce0-edcc49d0670b,47.15
Goliath,GOL-4S,019f583e-d160-7a8e-87bb-4d4e48a3fbbd,47.15
Goliath,GOL-5D,019f583e-d161-73b6-918d-5cc3a413b3da,47.15
Goliath,GOL-5W,019f583e-d164-75b1-8ebd-f6057942549c,47.15
Goliath,GOL-6H,019f583e-d165-731d-90f4-9d4f34781bc2,47.15
Goliath,GOL-6M,019f583e-d167-7bfd-b6e6-2b35355911dc,47.15
Goliath,GOL-7C,019f583e-da85-70f4-9648-302df30210ef,47.15
Goliath,GOL-7K,019f583e-da86-76ab-8739-32fa2e6bd68b,47.15
Goliath,GOL-7R,019f583e-da88-7a52-bcfc-8e354efced76,47.15
Goshawk,,019f583e-dc81-70f9-8973-d18d7379e39a,44.78
Goshawk,2,019f583e-dc7b-7b3b-822d-6f4b2624a55c,44.78
Goshawk,3,019f583e-c7a4-761d-a205-93d55b0f5cb9,44.78
Goshawk,4,019f583e-c7a7-7d67-a662-6dd92a80386a,44.78
Goshawk,5,019f583e-dc7c-7565-85c9-4598d0ed84a6,44.78
Goshawk,6,019f583e-dc7d-7669-9f7d-87163ac42cd0,44.78
Goshawk,7,019f583e-dc7e-7439-ab8a-6b2672752de3,44.78
Grasshopper,(Reynolds),019f583e-de58-7e74-99b7-91e2b5619f85,47.54
Grasshopper,GHR-5H,019f583e-c212-7595-85b3-4341b119e46c,47.54
Grasshopper,GHR-5Hh,019f583e-d616-7e96-b516-ddb230fb6cbd,47.54
Grasshopper,GHR-5J,019f583e-c4e7-7120-8261-e9cb15b417e1,47.54
Grasshopper,GHR-5N,019f583e-c4e9-7c9f-8069-93b69dd4b812,47.54
Grasshopper,GHR-5S,019f583e-c125-71a4-b305-d1013eae1f0d,47.54
Grasshopper,GHR-6K,019f583e-c4eb-7f6e-92d9-7fc788748bf0,47.54
Grasshopper,GHR-7K,019f583e-c4ef-733d-8de5-f1873edad30c,47.54
Grasshopper,GHR-7K 'Gravedigger',019f583e-c4ed-7cfc-828b-9b5b676f2f07,47.54
Grasshopper,GHR-7P,019f583e-d766-7ae7-83f2-be12ab9aeeb2,47.54
Grasshopper,GHR-7X,019f583e-dfa5-78fa-bc87-060f27c199dc,47.54
Grasshopper,GHR-8K,019f583e-d7d9-7e98-b608-9333751eca35,47.54
Grasshopper,GHR-C,019f583e-c4f1-7ae1-824a-7c9b736f8242,47.54
Grendel,A,019f583e-ca22-78fb-b9cb-103735ed18b1,39.7
Grendel,B,019f583e-ca24-7744-a3fe-9e59e916a1f9,39.7
Grendel,C,019f583e-ca26-7a45-8624-5c0f8f65e4e9,39.7
Grendel,D,019f583e-ca28-7e83-a516-3eca60046314,39.7
Grendel,E,019f583e-ca2c-77db-a244-ee9bcbefa304,39.7
Grendel,F,019f583e-ca2e-76d8-af44-1bea5c80895d,39.7
Grendel,G,019f583e-d9e9-73dd-b48c-b51a8aa34ad0,39.7
Grendel,H,019f583e-ca31-7ae6-b6a6-63ae6b536fa8,39.7
Grendel,I,019f583e-d9ea-71bc-bdd9-26b41e4f01ba,39.7
Grendel,J,019f583e-d9ed-7dba-809d-4c6e09d1d720,39.7
Grendel,M,019f583e-d9f0-7d7e-8fbc-e4ff8724b9e1,39.7
Grendel,Prime,019f583e-ca33-70d7-8835-d47612e9125f,39.7
Grendel,T,019f583e-d9f2-759b-88b1-7e1300e366c3,39.7
Griffin,C,019f583e-d7db-7701-be87-f228057dadc1,40.77
Griffin,GRF-1A,019f583e-dff7-7f4d-804d-6fda6a4428f4,40.77
Griffin,GRF-1DS,019f583e-d168-789b-b8cf-e80f8c3ef9b1,40.77
Griffin,GRF-1DS (Almstedt),019f583e-d618-7413-a58f-299fea23ce0d,40.77
Griffin,GRF-1E 'Sparky',019f583e-c213-7196-8c39-55637350b2ce,40.77
Griffin,GRF-1E2 'Sparky 2.0',019f583e-de76-77a7-8981-f53468c70ced,40.77
Griffin,GRF-1M,019f583e-c16d-7ee6-9739-1b16271eea97,40.77
Griffin,GRF-1N,019f583e-c215-7a66-afd4-259f136b4ab0,40.77
Griffin,GRF-1RG,019f583e-d7dd-7210-9c07-6c821c9eb8ce,40.77
Griffin,GRF-1S,019f583e-c216-772e-8760-791eadd9f49a,40.77
Griffin,GRF-2N,019f583e-d737-7432-91cf-4454553b4c94,40.77
Griffin,GRF-2N2,019f583e-d739-7c68-bf60-816877ef2648,40.77
Griffin,GRF-3M,019f583e-d16a-7d3e-94a0-37ad320fc6a1,40.77
Griffin,GRF-3N,019f583e-d7df-7688-90d9-e17b9214f9f3,40.77
Griffin,GRF-3RG,019f583e-d7e2-7f1b-af7e-410ef76148df,40.77
Griffin,GRF-4N,019f583e-d16c-708d-8b7e-e57ef3c9e3de,40.77
Griffin,GRF-4R,019f583e-d16e-72d6-b052-9c580aa1faaa,40.77
Griffin,GRF-5K,019f583e-d16f-7db6-9d2e-c1181426feb0,40.77
Griffin,GRF-5L,019f583e-d171-7efb-ad54-e95fb12b37f7,40.77
Griffin,GRF-5M,019f583e-d172-7b2e-bb1a-3af82a2f7a77,40.77
Griffin,GRF-6CS,019f583e-d174-77cc-a4bd-c3438a69523f,40.77
Griffin,GRF-6R,019f583e-d7e4-7063-8271-0e3bfbc5c4fc,40.77
Griffin,GRF-6S,019f583e-d176-75cf-b344-11f9756e8ea4,40.77
Griffin,GRF-6S (Francine II),019f583e-df2a-78a0-b9de-54a2e9671b01,40.77
Griffin,GRF-6S (Francine),019f583e-df2b-780e-82d8-1e0d69ed0e97,40.77
Griffin,GRF-6S2,019f583e-d420-79d6-a1ae-5b67a546ad66,40.77
Griffin IIC,,019f583e-d8cf-7b7f-a077-aca3098a2b66,41.76
Griffin IIC,2,019f583e-d8cb-7ca5-9104-d721c24917cd,41.76
Griffin IIC,3,019f583e-d178-79dc-b1b0-8164e84ce9cc,41.76
Griffin IIC,4,019f583e-d179-7591-9b63-31985d465466,41.76
Griffin IIC,5,019f583e-d17b-79d6-8c0d-d19f178d5d9b,41.76
Griffin IIC,6,019f583e-d17c-7d7d-ba26-810b3f711fbe,41.76
Griffin IIC,7,019f583e-d17e-7daa-8fec-bc76a802db43,41.76
Griffin IIC,8,019f583e-d17f-7a05-abe8-d6abb6674a9b,41.76
Griffin IIC,9,019f583e-d8ce-774a-bd3c-e33e54636b5e,41.76
Grizzly,,019f583e-ca38-7cd7-b47f-a8ab8f760efe,47.74
Grizzly,2,019f583e-ca35-70b6-815b-9a7fbb7b76e7,47.74
Grizzly,3,019f583e-db5e-74dd-aff8-d6de1083399f,47.74
Guillotine,GLT-3N,019f583e-c4f2-73b9-943e-2e1a17fed3a1,46.66
Guillotine,GLT-3N (Estridsen),019f583e-d61a-73f2-a068-24b052fcab80,46.66
Guillotine,GLT-4L,019f583e-c218-7532-9531-019b57b6ffa8,46.66
Guillotine,GLT-4P,019f583e-c21a-773e-9ffe-ba7cb477c9ea,46.66
Guillotine,GLT-5M,019f583e-c4f5-7420-9873-7e3a08c69b9d,46.66
Guillotine,GLT-6WB,019f583e-c4f7-7d29-9821-cff911c0426b,46.66
Guillotine,GLT-6WB2,019f583e-c4f9-7878-a2e9-8c8021a6e2c7,46.66
Guillotine,GLT-6WB3,019f583e-c4fb-74fe-a387-c91d1bdfe31b,46.66
Guillotine,GLT-7M,019f583e-da9e-7c33-80d6-b6da6b38686d,46.66
Guillotine,GLT-8D,019f583e-c4fd-7c84-b8d7-0d974519b6cc,46.66
Gunslinger,GUN-1ERD,019f583e-c7c6-7cb7-aece-ffa88ba54a0c,51.45
Gunslinger,GUN-1ERD (Jared),019f583e-d7c2-7da0-a588-1b8c5a24f947,51.45
Gunslinger,GUN-2ERD,019f583e-c7c8-7ba2-8b0a-cf2c4fa03d26,51.45
Gunslinger,GUN-2ERDr,019f583e-d0c9-7842-9f1b-a74e42e67036,51.45
Gunslinger,GUN-3ERD,019f583e-db13-77eb-929d-d494dbe313b9,51.45
Gunsmith,CH11-NG,019f583e-d327-709c-bd0c-9fa0417f77b1,36.11
Gunsmith,CH11-NG-A,019f583e-d63f-7417-98ff-0f9e1bc4fa30,36.11
Gunsmith,CH11-NGC 'Cinderella',019f583e-e079-7e48-9610-cd0ef249445d,36.11
Hammerhead,,019f583e-dbdc-7cee-9838-59d7ec4309f2,35.98
Hankyu,A,019f583e-ca3a-76f3-9834-08a1ffe413c4,34.79
Hankyu,B,019f583e-ca3c-73b2-bb5a-8ecd261939ff,34.79
Hankyu,C,019f583e-ca3d-74cf-b76e-0b27acbf6585,34.79
Hankyu,D,019f583e-ca3f-72be-99d6-053df62c6bbc,34.79
Hankyu,E,019f583e-da45-79b6-98c7-b2f997669c89,34.79
Hankyu,F,019f583e-da46-798b-9791-3e241208f9b0,34.79
Hankyu,H,019f583e-ca41-74b4-a49c-5d3ad943d865,34.79
Hankyu,I,019f583e-da47-7837-8544-8432b5250ef2,34.79
Hankyu,J,019f583e-da48-7ed4-8ed8-9ec77527ea82,34.79
Hankyu,Prime,019f583e-ca43-7725-abf4-d5d844e5e96c,34.79
Hankyu,T,019f583e-da4a-7e30-a619-64352fd135dd,34.79
Hatamoto-Chi,HTM-26T,019f583e-c21b-7c3c-a0bd-8de2eeb65d27,52.27
Hatamoto-Chi,HTM-27T,019f583e-c4fe-7a73-8638-f0fae90382a0,52.27
Hatamoto-Chi,HTM-27T (Daniel II),019f583e-dd70-7bf4-870d-02f1da6508fa,52.27
Hatamoto-Chi,HTM-27T (Daniel),019f583e-dd66-773a-933e-895b9ebc4078,52.27
Hatamoto-Chi,HTM-27T (Lowenbrau),019f583e-d61b-78cd-895f-eaa6e97286bd,52.27
Hatamoto-Chi,HTM-28T,019f583e-c502-79bf-9ecf-41cf998411a0,52.27
Hatamoto-Chi,HTM-28T (Shin),019f583e-c500-7def-ac4b-7794377b02b2,52.27
Hatamoto-Chi,HTM-28Tr,019f583e-d0d0-7594-84c3-5628045638f8,52.27
Hatamoto-Chi,HTM-30T,019f583e-dba0-76b5-94f3-ba0bf06fd923,52.27
Hatchetman,HCT-3F,019f583e-c21c-748a-a77c-299873c4cf83,45.58
Hatchetman,HCT-3F (Austin),019f583e-dd67-717d-a77f-9c9ab72f2952,45.58
Hatchetman,HCT-3FX,019f583e-c16f-7b9b-8f64-88a26959b9c4,45.58
Hatchetman,HCT-3FY,019f583e-c170-713c-8e9f-d9cf56cffa8c,45.58
Hatchetman,HCT-5D,019f583e-c512-74dd-b35f-3e4845e9c14c,45.58
Hatchetman,HCT-5DD,019f583e-c514-7e51-9073-f8359a1569ab,45.58
Hatchetman,HCT-5DT,019f583e-dd2e-7eea-8f21-1e1854594519,45.58
Hatchetman,HCT-5K,019f583e-c516-7c96-801a-ad20aab42f69,45.58
Hatchetman,HCT-5S,019f583e-c517-7b90-a718-a2365162efc9,45.58
Hatchetman,HCT-5S (Austin),019f583e-dd72-7710-87a4-f549359998ad,45.58
Hatchetman,HCT-6D,019f583e-c519-7428-91d7-33170ebc5baf,45.58
Hatchetman,HCT-6M,019f583e-cfa9-7286-8ec8-0a3a42b64910,45.58
Hatchetman,HCT-6S,019f583e-c51d-7e89-b6cd-26c80fe57fff,45.58
Hatchetman,HCT-7D,019f583e-d4e3-764c-b698-5d5ad7263402,45.58
Hatchetman,HCT-7R,019f583e-e033-74fa-a558-336c635b0eee,45.58
Hatchetman,HCT-7S,019f583e-cfab-714a-b7ea-a3c635583e64,45.58
Hatchetman,HCT-8S,019f583e-d87f-7e7c-b29b-496b3bce1728,45.58
Havoc,HVC-P6,019f583e-d397-7fa9-bc58-062ed87747ea,35.23
Havoc,HVC-P7,019f583e-d641-74b3-b6a9-bf672fcc825a,35.23
Helios,HEL-3D,019f583e-cc0d-7f6c-a799-a572b0703681,43.91
Helios,HEL-4A,019f583e-cc11-744f-8f7f-372b47d9db4c,43.91
Helios,HEL-6RISC,019f583e-e020-701a-9974-e92be8232204,43.91
Helios,HEL-6X,019f583e-cc13-7529-9b21-405cf8e57c31,43.91
Helios,HEL-7L,019f583e-d4e5-7c52-8622-969ebd8c5528,43.91
Helios,HEL-C,019f583e-cc16-7865-b293-4938dfbea521,43.91
Hellhound,,019f583e-dbe1-77fc-b74a-c12550b719b4,42.84
Hellhound,2,019f583e-c7d7-7193-9d9f-566333318532,42.84
Hellhound,3,019f583e-c7d9-7ee6-8e56-5db59d4681aa,42.84
Hellhound,4,019f583e-c7db-79d9-bb01-d7e785753de2,42.84
Hellhound,5,019f583e-c7dc-74c5-9d4d-9385741c1b82,42.84
Hellhound,6,019f583e-db63-7ddb-9c66-0af099a7da2d,42.84
Hellhound,7,019f583e-dbde-716b-bf3e-3cadabc2e81b,42.84
Hellhound,8,019f583e-dbdf-77b3-b48e-022c045cda5a,42.84
Hellion,A,019f583e-cd2c-77a9-969c-433cb49fd2e7,35.41
Hellion,B,019f583e-cd2f-71df-ae7a-be094375ee2a,35.41
Hellion,C,019f583e-cd31-7f61-912c-85b22d2911d2,35.41
Hellion,D,019f583e-da0d-7a45-bbfb-9c618fb4ebf4,35.41
Hellion,E,019f583e-da0f-7a00-8b3d-fc4dcd243987,35.41
Hellion,F,019f583e-da12-7d2e-9ff6-f5d57d3d6fea,35.41
Hellion,G,019f583e-d42a-7616-a136-2c76adca1c94,35.41
Hellion,P,019f583e-da16-7834-bb9b-7374eb9c1e49,35.41
Hellion,Prime,019f583e-cd34-700c-b8ee-aba467e2855b,35.41
Hellion,T,019f583e-da18-7fd0-95fd-df655a03146d,35.41
Hellspawn,HSN-10G,019f583e-cde1-7cad-a474-0532b0a569d9,40.27
Hellspawn,HSN-10SR,019f583e-cde3-7bcb-84da-bec652367df4,40.27
Hellspawn,HSN-7D,019f583e-cd37-7d18-bf28-56fd31b8ff9c,40.27
Hellspawn,HSN-7D2 (Halperin),019f583e-dfd1-7fd5-be4e-21bfbdde441e,40.27
Hellspawn,HSN-8E,019f583e-cd3a-7558-abae-38a300c085ee,40.27
Hellspawn,HSN-9F,019f583e-cd3c-758b-b3eb-4a611b12f820,40.27
Hermes II,HER-2M 'Mercury',019f583e-c221-7e2f-84e2-76e85862a58e,42.23
Hermes II,HER-2R,019f583e-dd0c-75e1-9f52-cee3a58cf77c,42.23
Hermes II,HER-2S,019f583e-c223-70ab-adf7-5811fcd8c04f,42.23
Hermes II,HER-4K 'Hermes III',019f583e-c224-7713-9ee8-59855046758d,42.23
Hermes II,HER-5C,019f583e-c52d-75a2-b970-24d5e625a683,42.23
Hermes II,HER-5ME 'Mercury Elite',019f583e-c52e-7656-8c7b-a712d5a000f8,42.23
Hermes II,HER-5S,019f583e-c531-7fc8-8ae7-40d782a607dd,42.23
Hermes II,HER-5SA,019f583e-c533-7ecd-83f3-ec3b70243a8c,42.23
Hermes II,HER-5Sr,019f583e-d0d1-7024-a90e-b82e37615e7b,42.23
Hermes II,HER-6D,019f583e-c535-796b-9ecd-09f8e3d03fbc,42.23
Hermes II,HER-7A,019f583e-dafb-7f28-a564-0daf43ff836e,42.23
Hermes II,HER-7S,019f583e-df9c-7476-af0a-7852a8144094,42.23
Hetzer Wheeled Assault Gun,,019f583e-e29a-7a1f-81c2-322643c2f764,13.37
Hetzer Wheeled Assault Gun,(AC10),019f583e-e293-77a6-aaa9-d054486ba5fa,13.37
Hetzer Wheeled Assault Gun,(Cell),019f583e-e9e6-73b6-99c9-549963f0ee35,13.37
Hetzer Wheeled Assault Gun,(Laser),019f583e-e296-7c51-994c-af311fbbe48f,13.37
Hetzer Wheeled Assault Gun,(LB-X),019f583e-e409-79d2-847b-29ef60105fd4,13.37
Hetzer Wheeled Assault Gun,(LRM),019f583e-e295-7c56-88d5-73519c47d568,13.37
Hetzer Wheeled Assault Gun,(Scout),019f583e-e299-7843-8b50-fb069a3796ab,13.37
Hetzer Wheeled Assault Gun,(Sealed),019f583e-e766-7930-9bca-a47fb5e3c2a5,13.37
Hetzer Wheeled Assault Gun,(SRM),019f583e-e298-7150-8e89-a2a5e57f3785,13.37
Hetzer Wheeled Assault Gun,C,019f583e-e9e7-71b7-8d72-6a6e1ba16199,13.37
Highlander,HGN-641-X-2,019f583e-df69-78fd-bb60-9372017a2929,50.99
Highlander,HGN-694,019f583e-c536-714d-9b2b-a2f851dfc406,50.99
Highlander,HGN-732,019f583e-c538-7218-8a64-755b705053c0,50.99
Highlander,HGN-732 (Colleen),019f583e-d73f-736a-b4c7-9e8296b894ee,50.99
Highlander,HGN-732 (Jorgensson),019f583e-dea0-7f47-9bf4-844548008431,50.99
Highlander,HGN-732b,019f583e-ce8a-7c40-9cc1-113cfcdfc51a,50.99
Highlander,HGN-733,019f583e-c226-76a4-af51-322ccd9e32c1,50.99
Highlander,HGN-733C,019f583e-c227-7d9f-abcf-00728667b817,50.99
Highlander,HGN-733P,019f583e-c229-7c6f-8270-350c412b887c,50.99
Highlander,HGN-734,019f583e-c53b-710f-a34e-719ae8f1a652,50.99
Highlander,HGN-736,019f583e-c53d-7268-b43b-0da3703fbb86,50.99
Highlander,HGN-738,019f583e-c53f-707c-9e9f-3210c280abe1,50.99
Highlander,HGN-740,019f583e-d809-7e00-91d2-69d1f4a47715,50.99
Highlander IIC,,019f583e-cc1a-723e-b73a-0bb28edcfdd4,55.62
Highlander IIC,2,019f583e-cc19-7418-a9a2-a9afc65e3279,55.62
Highlander IIC,3,019f583e-d0d3-7ae4-9661-504da517af97,55.62
Highlander IIC,4,019f583e-db68-78e3-acb6-7109c534d579,55.62
Hoplite,C,019f583e-c541-7722-9251-7a8bfb55fed1,37.9
Hoplite,HOP-4A,019f583e-c544-7001-b58e-5a7ec5967cd8,37.9
Hoplite,HOP-4B,019f583e-c546-73f1-a6bf-2a4b63259169,37.9
Hoplite,HOP-4Bb,019f583e-d740-7672-8de4-3293750bc23c,37.9
Hoplite,HOP-4C,019f583e-c549-7e9b-84da-633dcc2dccfb,37.9
Hoplite,HOP-4Cb,019f583e-d742-70bb-8604-e062dd9336a6,37.9
Hoplite,HOP-4D,019f583e-c54b-7b56-a76c-b9cf326e3ded,37.9
Hoplite,HOP-4X,019f583e-dfa6-787d-9dac-d362824bbe0f,37.9
Hoplite,HOP-5C,019f583e-db6b-7760-8690-210b3e7564ed,37.9
Hunchback,C,019f583e-da4c-7806-96f2-8434df5daba0,39.2
Hunchback,HBK-4G,019f583e-c22f-7b66-ba9e-06356dcc83f0,39.2
Hunchback,HBK-4G (Hohiro),019f583e-dd73-78e3-b93b-46c28111dd05,39.2
Hunchback,HBK-4G (Shakir),019f583e-dd69-7ea4-9392-f0de5e9dbfb9,39.2
Hunchback,HBK-4H,019f583e-c230-7666-86d4-adb8de9a0134,39.2
Hunchback,HBK-4J,019f583e-c231-7fcb-a79e-3b9e93ae8dc6,39.2
Hunchback,HBK-4N,019f583e-c233-779a-b2da-234a7f949b2e,39.2
Hunchback,HBK-4P,019f583e-c235-7439-844e-e01901696cca,39.2
Hunchback,HBK-4SP,019f583e-c236-71bb-8957-0ca4069a5576,39.2
Hunchback,HBK-5H,019f583e-c550-7892-aff5-f543ece3d0eb,39.2
Hunchback,HBK-5M,019f583e-c552-7146-8e0f-4227698e96cb,39.2
Hunchback,HBK-5N,019f583e-c555-7295-bc5f-21ba2aeeb24f,39.2
Hunchback,HBK-5P,019f583e-c557-7d4c-90ed-ab1708a1ad4f,39.2
Hunchback,HBK-5S,019f583e-c559-7195-9622-181d8336962d,39.2
Hunchback,HBK-5SG,019f583e-c55b-7540-9b4f-30b07ffb2fcb,39.2
Hunchback,HBK-5SS,019f583e-c55e-72f0-a0d0-8020bdf74c54,39.2
Hunchback,HBK-6N,019f583e-c55f-788e-9658-2fee87f4887c,39.2
Hunchback,HBK-6P,019f583e-d4ec-751c-bcb5-92e92090e4e0,39.2
Hunchback,HBK-6S,019f583e-c561-7b41-a129-0d47b92a7fbb,39.2
Hunchback,HBK-7R,019f583e-d76a-7f66-9729-d83b9c81e4d6,39.2
Hunchback,HBK-7S,019f583e-e03e-7df0-8a18-d8a98fd90f86,39.2
Hunchback,HBK-7X-4,019f583e-df71-7d04-9448-aed3903aa33b,39.2
Hunchback,HBK-LGN-Pin 'Anastasia',019f583e-e07c-7c53-be4a-8ed7029c2c2e,39.2
Hunchback,HBK-LGN-Pin 'Drizella',019f583e-e07f-77f8-b68c-2d7c382a0bcb,39.2
Hunchback IIC,,019f583e-ca49-729d-acf1-de8124b0a710,41.47
Hunchback IIC,2,019f583e-ca45-73d1-9501-0c98672d57ba,41.47
Hunchback IIC,3,019f583e-ca47-7320-b56f-24057398471d,41.47
Hunchback IIC,4,019f583e-d0d6-735c-8799-afccefa3540f,41.47
Hunchback IIC,5,019f583e-d8ab-7899-8903-12beb8e61393,41.47
IS Standard Battle Armor,'Hive'(Sqd4),019f583e-a93c-7e2c-ac77-eaf2ef885c28,10.24
IS Standard Battle Armor,'Hive'(Sqd5),019f583e-a93e-7b6b-a3a6-e39e5f9a024c,10.24
IS Standard Battle Armor,'Hive'(Sqd6),019f583e-a940-7242-9e9c-18edd617b2b4,10.24
IS Standard Battle Armor,(Baka) [LRR](Sqd4),019f583e-a7aa-7af3-bc7f-485382ae23d8,10.24
IS Standard Battle Armor,(Baka) [LRR](Sqd5),019f583e-a7ac-79c2-8965-9373574a792d,10.24
IS Standard Battle Armor,(Baka) [LRR](Sqd6),019f583e-a7af-7804-9943-df02d25cc732,10.24
IS Standard Battle Armor,(Baka) [SL](Sqd4),019f583e-a7b5-71e7-b6cf-0632e33120ba,10.24
IS Standard Battle Armor,(Baka) [SL](Sqd5),019f583e-a7b0-7d01-bcf6-0552c0a7aea7,10.24
IS Standard Battle Armor,(Baka) [SL](Sqd6),019f583e-a7b3-7920-889e-bb0a5491fb3d,10.24
IS Standard Battle Armor,(Fa Sure) [David](Sqd4),019f583e-a7b6-75fa-809e-eb891ba99433,10.24
IS Standard Battle Armor,(Fa Sure) [David](Sqd5),019f583e-a7b8-7148-892f-7202d7d5b79d,10.24
IS Standard Battle Armor,(Fa Sure) [David](Sqd6),019f583e-a7b9-7387-b1b0-1fedd4d830bc,10.24
IS Standard Battle Armor,(Fa Sure) [MG](Sqd4),019f583e-a7bb-7efa-af41-095637914463,10.24
IS Standard Battle Armor,(Fa Sure) [MG](Sqd5),019f583e-a7bc-7a5c-8019-252c3f2589bf,10.24
IS Standard Battle Armor,(Fa Sure) [MG](Sqd6),019f583e-a7be-7127-b3ec-d6ceb56ec78a,10.24
IS Standard Battle Armor,[Flamer](Sqd4),019f583e-a27d-7ffc-8eab-97d650ad44fd,10.24
IS Standard Battle Armor,[Flamer](Sqd5),019f583e-a27e-7210-a152-258f83cb28c2,10.24
IS Standard Battle Armor,[Flamer](Sqd6),019f583e-a280-7399-af84-7d3d21ed7397,10.24
IS Standard Battle Armor,[Laser](Sqd4),019f583e-a288-7d7f-a635-6cf21746820c,10.24
IS Standard Battle Armor,[Laser](Sqd5),019f583e-a289-7dac-926a-8f4b77a40870,10.24
IS Standard Battle Armor,[Laser](Sqd6),019f583e-a28c-7b47-9d9d-e705af151029,10.24
IS Standard Battle Armor,[LRR](Sqd4),019f583e-a282-70b6-ab3d-7476ae2ff59a,10.24
IS Standard Battle Armor,[LRR](Sqd5),019f583e-a284-7de6-b4b5-5e4c7f867266,10.24
IS Standard Battle Armor,[LRR](Sqd6),019f583e-a286-7425-aa2b-73337be6c356,10.24
IS Standard Battle Armor,[Magnetic](Sqd4),019f583e-a844-7642-9fcd-6fd5ff533d62,10.24
IS Standard Battle Armor,[Magnetic](Sqd5),019f583e-a846-73d6-a63f-4158fa46e695,10.24
IS Standard Battle Armor,[Magnetic](Sqd6),019f583e-a848-73ea-a7e7-7a12400d4788,10.24
IS Standard Battle Armor,[MG](Sqd4),019f583e-a28d-7944-9105-67b874f32da1,10.24
IS Standard Battle Armor,[MG](Sqd5),019f583e-a28f-7307-afc2-df992437b7ad,10.24
IS Standard Battle Armor,[MG](Sqd6),019f583e-a290-7c0e-b751-bea880e1b6e2,10.24
IS Standard Battle Armor,[SRM](Sqd4),019f583e-a292-783f-9f0f-1f251d2edcd0,10.24
IS Standard Battle Armor,[SRM](Sqd5),019f583e-a293-7eb7-8ac6-b9d1cc6ce6fd,10.24
IS Standard Battle Armor,[SRM](Sqd6),019f583e-a296-79d4-8da9-fd513352d171,10.24
J-27 Ordnance Transport,,019f583e-e2ac-7c60-b90c-c2d02d14e88b,11.97
J-27 Ordnance Transport,(Armor),019f583e-e2a8-751c-80a0-fddf718c8945,11.97
J-27 Ordnance Transport,(Fusion),019f583e-e2a9-7c03-b86f-77b9fde5ffc6,11.97
J-27 Ordnance Transport,(RISC),019f583e-ec57-7499-ae02-8726ed7a520e,11.97
J-27 Ordnance Transport,(Trailer),019f583e-e2aa-7bd7-8fd2-8438c1749840,11.97
J-27 Ordnance Transport,K-27 'Killjoy',019f583e-e2b3-7f70-938f-76be5f510146,11.97
J. Edgar Light Hover Tank,,019f583e-e2b2-7cac-b805-8e5d7abbb8b9,13.5
J. Edgar Light Hover Tank,(Cell),019f583e-ec7f-78ef-a47b-8e372b7f956b,13.5
J. Edgar Light Hover Tank,(Chemical),019f583e-ea1d-7cdd-9190-69d40b985673,13.5
J. Edgar Light Hover Tank,(Flamer),019f583e-e2ad-7691-b082-41199cbf9099,13.5
J. Edgar Light Hover Tank,(ICE),019f583e-e2af-798b-a645-3091c349b7f8,13.5
J. Edgar Light Hover Tank,(Kurita),019f583e-ea1f-7751-8de1-079d3bdfddba,13.5
J. Edgar Light Hover Tank,(LAC),019f583e-ea20-725c-9fb6-1dbb73ede49e,13.5
J. Edgar Light Hover Tank,(Light PPC),019f583e-ea22-7494-bd04-1982db5a0b39,13.5
J. Edgar Light Hover Tank,(MG),019f583e-e2b0-7cea-8400-303f82600147,13.5
J. Edgar Light Hover Tank,(TAG),019f583e-ea23-7212-af26-47a05931fa21,13.5
J. Edgar Light Hover Tank,(X-Pulse),019f583e-ea25-7291-b188-0e29f0a034d2,13.5
Jackalope,JLP-BD,019f583e-d53d-735f-938f-07727c20e3f4,36.15
Jackalope,JLP-BD-L 'Harvey',019f583e-dce7-7c0e-9eb3-70292b0bc182,36.15
Jackalope,JLP-C,019f583e-d540-77e8-ac89-d737358a80ee,36.15
Jackalope,JLP-IC,019f583e-dce8-74dd-940c-6d47e597df2d,36.15
Jackalope,JLP-KA,019f583e-d546-7f27-867f-7bcad40f9d2c,36.15
Jackalope,JLP-KB,019f583e-dcea-70d9-8b6b-b4bb25a8635a,36.15
Jackalope,JLP-KW 'Wolpertinger',019f583e-d544-7c65-9399-6c63d37cf3d1,36.15
Jackalope,JLP-NH 'Tepoztecatl',019f583e-dceb-760f-bbfd-b91899f4da6e,36.15
JagerMech,JM6-A,019f583e-c23c-79c8-8fd1-42b34db97565,44.36
JagerMech,JM6-B,019f583e-c127-7b74-9e96-53b2cd78768e,44.36
JagerMech,JM6-DD,019f583e-c573-7edd-b6e1-2e2d57fa64e6,44.36
JagerMech,JM6-DDa,019f583e-c574-70eb-bc77-d42a8978cf54,44.36
JagerMech,JM6-DG,019f583e-c580-7fa4-9c2f-ed9621a789ed,44.36
JagerMech,JM6-DGr,019f583e-c576-7bdf-b646-956ab0f1e8f1,44.36
JagerMech,JM6-H,019f583e-c57a-7a13-b6a8-f345ef900c4b,44.36
JagerMech,JM6-S,019f583e-c23e-79c8-a5bb-3fbbf23addc5,44.36
JagerMech,JM7-C3BS,019f583e-d0d7-708a-811b-11013b1f5bdd,44.36
JagerMech,JM7-D,019f583e-c57b-77b2-9f8f-65cd5acafda0,44.36
JagerMech,JM7-DD,019f583e-db84-74a5-be64-1781cfc5b152,44.36
JagerMech,JM7-F,019f583e-c57d-7dbc-96dd-9f5281402a3e,44.36
JagerMech,JM7-G,019f583e-c57f-7ef7-bd55-ab1515269fdd,44.36
Javelin,JVN-10A,019f583e-d7b0-745c-96dc-481dff310f18,38.3
Javelin,JVN-10F 'Fire Javelin',019f583e-c240-7633-b0a1-9fede4b5a1ac,38.3
Javelin,JVN-10F (Shinto),019f583e-d606-7533-bf1c-285514e49923,38.3
Javelin,JVN-10N,019f583e-c242-7894-9ac4-a94716db7d4a,38.3
Javelin,JVN-10P,019f583e-c582-7f17-9fa6-b58f9ab20830,38.3
Javelin,JVN-10U,019f583e-c13a-761c-bf7c-de514bedc49d,38.3
Javelin,JVN-11A 'Fire Javelin',019f583e-c584-7ded-af4b-20343fa7a68d,38.3
Javelin,JVN-11B,019f583e-c585-777f-bf45-6cbba57f511b,38.3
Javelin,JVN-11D,019f583e-c588-7606-95ef-713c7a4169f5,38.3
Javelin,JVN-11D (Farrell),019f583e-d5c8-7444-ad91-2ef763b3dc28,38.3
Javelin,JVN-11F,019f583e-c58a-7f62-b6e1-749228a1b6d5,38.3
Javelin,JVN-11P,019f583e-d42d-7539-9ab9-0019100ac256,38.3
Javelin,JVN-12N,019f583e-db7a-7757-bc2d-5b2453cbd473,38.3
Jenner,JR10-X,019f583e-df90-704a-a911-dc257e490f80,33.51
Jenner,JR7-A,019f583e-c243-7711-a683-5e51b56d890d,33.51
Jenner,JR7-C,019f583e-c58b-7e1a-a2a7-602c717523c0,33.51
Jenner,JR7-C2,019f583e-c58d-7394-af43-af0fa0cf7dc9,33.51
Jenner,JR7-C3,019f583e-c58f-712e-bd18-d7f3d757b629,33.51
Jenner,JR7-C4,019f583e-d0d9-7bd5-a1fe-326d4d320a11,33.51
Jenner,JR7-D,019f583e-c244-7b57-bfab-364469b7bb7f,33.51
Jenner,JR7-D (Webster),019f583e-d61d-7bd4-bfb3-17a5f1d840fd,33.51
Jenner,JR7-F,019f583e-c248-7944-a0f0-e944b89da69c,33.51
Jenner,JR7-F (Smith),019f583e-deb3-7fb7-aa46-ff8fb2156d60,33.51
Jenner,JR7-K,019f583e-c592-70e7-a14e-091013b3a36d,33.51
Jenner,JR7-K (Grace II),019f583e-dd75-730e-8a18-b2b52edd7111,33.51
Jenner,JR7-K (Grace),019f583e-c591-7f2c-8a08-fe18d76a9380,33.51
Jenner,JR7-K (Samuli),019f583e-d7c6-766e-aae7-bbde5a19a7a1,33.51
Jenner,JR7-N,019f583e-d985-7062-a8d3-beab6f85c027,33.51
Jenner,JR7-Y,019f583e-c13d-745b-9635-369eaf567228,33.51
Jenner IIC,,019f583e-d983-7787-ba4a-7d6b980f69c4,34.57
Jenner IIC,2,019f583e-d97e-78ee-aefe-785a4cb37a11,34.57
Jenner IIC,3,019f583e-d97f-79b2-a549-2d9612eab60a,34.57
Jenner IIC,4,019f583e-c7fb-7ce9-bb40-5dea55be4bdb,34.57
Jenner IIC,5,019f583e-d982-7050-b6c5-1d039bf96183,34.57
King Crab,KGC-000,019f583e-c59c-7b4a-a4ac-9c196644ccb4,47.82
King Crab,KGC-0000,019f583e-c24b-74f9-9a8f-28e349265b10,47.82
King Crab,KGC-000b,019f583e-ceac-7ec5-b0fb-71de5b48ce62,47.82
King Crab,KGC-001,019f583e-c59e-7f96-8a4e-2f87acb37a12,47.82
King Crab,KGC-005,019f583e-c59f-7976-b4a5-cfb59dca70e6,47.82
King Crab,KGC-005r,019f583e-d0db-7ec6-aac2-295cc015ee87,47.82
King Crab,KGC-007,019f583e-c5a1-7c65-85c2-d11901062ef1,47.82
King Crab,KGC-008,019f583e-c5a3-7b35-91fb-bf7f0e2578cd,47.82
King Crab,KGC-008B,019f583e-c5a4-77c4-a652-30b6233500b9,47.82
King Crab,KGC-009,019f583e-d57f-7c9a-8ea1-1541e2c0e3ec,47.82
King Crab,KGC-009C,019f583e-d5a0-70cc-ab84-1b9a09f0ac37,47.82
King Crab,KGC-010,019f583e-c24d-7204-b311-f7eebafee544,47.82
King Crab,KGC-011,019f583e-dbe2-74ea-a7bb-d26d31379596,47.82
King Crab,KGC-0KP,019f583e-d6b1-715b-8a6b-4d78e9665f1a,47.82
Kingfisher,A,019f583e-ca4b-7248-aab4-c8516f649ead,50.22
Kingfisher,B,019f583e-ca4d-79b6-b1c8-a54e04d8d4ec,50.22
Kingfisher,C,019f583e-ca4e-7453-b3ce-1da599a98923,50.22
Kingfisher,D,019f583e-ca51-7af4-8b0d-48826936e699,50.22
Kingfisher,E,019f583e-ca53-71e8-a2a2-714c309c2683,50.22
Kingfisher,F,019f583e-d986-76e5-8c17-1addb96f2315,50.22
Kingfisher,G,019f583e-d988-7b27-b904-1db9c7840945,50.22
Kingfisher,H,019f583e-ca54-7cc9-8791-b9656f7950ab,50.22
Kingfisher,I,019f583e-d98a-786a-88f9-8ac59fcae6bb,50.22
Kingfisher,Prime,019f583e-ca56-710e-b620-3a6c6e19b606,50.22
Kingfisher,T,019f583e-d98c-7efb-82b9-d01b66b97cf2,50.22
Kingfisher,X,019f583e-d98e-7ea1-b909-f7b56dfb47a2,50.22
Kintaro,KTO-18,019f583e-c24f-75dd-9e2d-80c00200e755,42.09
Kintaro,KTO-19,019f583e-c5a7-7886-b01f-4b0304c970d7,42.09
Kintaro,KTO-19 (Omar),019f583e-d61e-7f98-9b2c-e963400af419,42.09
Kintaro,KTO-19b,019f583e-ceaf-73c3-a34d-ac90bc67503d,42.09
Kintaro,KTO-20,019f583e-c5a9-7a98-acd5-bc5c379b64f8,42.09
Kintaro,KTO-21,019f583e-c5aa-7fdc-8c3f-9200637e5e06,42.09
Kintaro,KTO-22,019f583e-d644-7d83-9483-3d32e1fb319f,42.09
Kintaro,KTO-C,019f583e-c5ac-7df1-ae22-6c50e16ed065,42.09
Kintaro,KTO-K,019f583e-c5ae-7075-94c1-38b8c57c1d20,42.09
Kodiak,,019f583e-ca5f-7714-98ad-484c52e8ce1f,51.53
Kodiak,(Cale),019f583e-de6f-78c4-909a-a96530efc3d5,51.53
Kodiak,2,019f583e-ca58-7699-81fb-6a7e252f2837,51.53
Kodiak,3,019f583e-ca5a-73b9-9ba6-19403e744bb6,51.53
Kodiak,4,019f583e-ca5b-7ad9-8bd9-8ad3f18b7ec0,51.53
Kodiak,5,019f583e-ca5d-7c72-84b5-c3494ce5f9f4,51.53
Kodiak,6,019f583e-da4d-71ef-800c-2a6f612e7b9e,51.53
Koshi,A,019f583e-c5b0-79ed-ae5a-c2cb2405891d,33.47
Koshi,B,019f583e-c5b2-7ef5-9556-6c152381936f,33.47
Koshi,C,019f583e-c5b4-77ff-8224-12132c25be01,33.47
Koshi,D,019f583e-c5b6-7636-b56b-9735d3088d47,33.47
Koshi,E,019f583e-c5b8-7dd2-8b2a-4fd0f3e67c3a,33.47
Koshi,F,019f583e-c5b9-7d11-b5df-163b27133f31,33.47
Koshi,G,019f583e-c5bb-75e5-ac5c-fc69769fef6d,33.47
Koshi,H,019f583e-c5bd-71b1-b9d8-a20b566e402a,33.47
Koshi,I,019f583e-dc1d-7c63-aaf6-8e1d876c8e3b,33.47
Koshi,J,019f583e-dc1f-759b-828e-7e198b466c55,33.47
Koshi,K,019f583e-dc21-7d5e-ab20-e8877d21492f,33.47
Koshi,L,019f583e-dc22-7aca-a8e3-6788d5a89717,33.47
Koshi,M,019f583e-dc24-7d9a-b635-ef6032467996,33.47
Koshi,N,019f583e-dc25-7e4b-93ba-fe030ef1bda6,33.47
Koshi,P,019f583e-c5bf-7f80-a7f8-c18abb30faba,33.47
Koshi,Prime,019f583e-c5c1-7e1b-897a-1817258a17ef,33.47
Koshi,T,019f583e-dc27-7869-baf7-671f906d66cb,33.47
Koshi,Z,019f583e-deed-7edf-abab-c50ac0b0c39a,33.47
Kraken,,019f583e-d971-720a-ad6c-983332d0c190,45.95
Kraken,2,019f583e-d967-753b-ad0c-11759c38ccda,45.95
Kraken,3,019f583e-d969-7263-89dd-0ac8171c707e,45.95
Kraken,4,019f583e-c80f-781d-a972-f873a2b5adf4,45.95
Kraken,5,019f583e-d96b-7114-9287-27ed88c3f78b,45.95
Kraken,6,019f583e-d96c-71f9-aa10-93178c7b7d71,45.95
Kraken,7,019f583e-d96f-7e01-8634-e760f76a49c4,45.95
Lament,LMT-2D,019f583e-e04a-77cd-9e10-c22e2836d449,40.85
Lament,LMT-2R,019f583e-d54b-7403-89e3-381b31d13793,40.85
Lament,LMT-2R (Manes),019f583e-dea6-79c8-b43c-e5c1945bd433,40.85
Lament,LMT-3C,019f583e-d54e-787e-bce9-8371bbc89ca1,40.85
Lament,LMT-3R,019f583e-d54f-7c75-8449-2bc27ec34fa9,40.85
Lament,LMT-4RC,019f583e-d552-7937-a1e9-2d61e07e9086,40.85
Lancelot,C,019f583e-d665-7fe8-b006-dc64360c43a4,43.39
Lancelot,C 2,019f583e-d663-7229-8f79-5c4836196c20,43.39
Lancelot,LNC25-01,019f583e-c5c3-7c3d-b63c-9ba8363cba3f,43.39
Lancelot,LNC25-01sl,019f583e-d5ea-7ac2-a114-a1eb594ec11a,43.39
Lancelot,LNC25-01X,019f583e-c252-779e-a3a5-003313180e4c,43.39
Lancelot,LNC25-02,019f583e-c254-77fc-8cab-86a408ec28ea,43.39
Lancelot,LNC25-03,019f583e-c5c4-7940-9e96-b90640cd1018,43.39
Lancelot,LNC25-04,019f583e-c5c7-7154-9d1c-08848ab854d8,43.39
Lancelot,LNC25-05,019f583e-c5c8-73d9-90c9-d12090ae95b0,43.39
Lancelot,LNC25-06,019f583e-c5ca-74f5-87b4-5dcb6b5763ff,43.39
Lancelot,LNC25-08,019f583e-c5cc-77a4-8851-5230459f1384,43.39
Lancelot,LNC25-09,019f583e-daa2-77fb-9776-3fb4c074913f,43.39
Legionnaire,LGN-1X,019f583e-cec5-7bf1-9831-3415b1f02ca1,39.7
Legionnaire,LGN-2D,019f583e-cec7-73e4-82de-8b40f02d659d,39.7
Legionnaire,LGN-2D (Raul),019f583e-d5ba-7ded-916a-3bf0f64f9261,39.7
Legionnaire,LGN-2F,019f583e-d76d-747a-ab48-18305917bb45,39.7
Legionnaire,LGN-2K,019f583e-d437-7fdc-81f2-0ba6541b10b3,39.7
Legionnaire,LGN-2K-RISC,019f583e-e024-792d-a028-ce1fb0a81479,39.7
Legionnaire,LGN-2X1 MUSE FIRE,019f583e-df78-72f3-baf1-aa636e1b0cfa,39.7
Legionnaire,LGN-2XA,019f583e-cec9-7712-93ba-b97a02bf4eef,39.7
Legionnaire,LGN-2XU,019f583e-cecb-72c6-a10b-da5304043d76,39.7
Linebacker,A,019f583e-c811-710a-8a7d-047cc9787eeb,38.84
Linebacker,B,019f583e-c813-77c9-9436-e4104f8c2bb8,38.84
Linebacker,C,019f583e-c815-7c0d-8891-7cbda83113df,38.84
Linebacker,D,019f583e-c817-75f7-8fb4-d91f7a6a209d,38.84
Linebacker,E,019f583e-c818-7a80-a7d4-45e1510bd3ce,38.84
Linebacker,F,019f583e-dbfb-7b59-a04f-a23f614b113c,38.84
Linebacker,G,019f583e-dbfc-7e22-95a6-420af5323721,38.84
Linebacker,H,019f583e-c81a-707e-9822-b936a4cb83f7,38.84
Linebacker,I,019f583e-dbfd-7599-98cd-cdcb8904bd15,38.84
Linebacker,Prime,019f583e-c81b-79e0-a8d4-3cd519d91a82,38.84
Linebacker,T,019f583e-dbff-7beb-b7c7-042cb92656f8,38.84
Locust,C,019f583e-d916-7528-8e7a-240c4564db36,39.88
Locust,LCT-1E,019f583e-c256-7157-8d3e-adf669917b96,39.88
Locust,LCT-1E2,019f583e-c13f-7931-bcd1-a45ed65ef9a8,39.88
Locust,LCT-1L,019f583e-c257-7c01-831c-30c2780992b5,39.88
Locust,LCT-1M,019f583e-c258-76cb-8d75-9f38ed73d129,39.88
Locust,LCT-1P,019f583e-c141-7b44-9abf-1d9da52256d1,39.88
Locust,LCT-1S,019f583e-c25a-7c51-8eff-e608709b49b1,39.88
Locust,LCT-1V,019f583e-c25b-7e1d-a2f6-f2b3763ac718,39.88
Locust,LCT-1V2,019f583e-d18b-71b4-8f1e-e3e74b692c11,39.88
Locust,LCT-1Vb,019f583e-d91e-726f-ad5e-fc13fa68c232,39.88
Locust,LCT-1Y,019f583e-c143-7b49-9d2c-b54dc02055a2,39.88
Locust,LCT-1Y2,019f583e-c145-7312-8d35-4d360af0c7c8,39.88
Locust,LCT-3D,019f583e-d920-7dea-87c3-a2936dd2dc58,39.88
Locust,LCT-3M,019f583e-d921-707b-87f1-7c9c2ead95c6,39.88
Locust,LCT-3S,019f583e-d924-77e0-bf13-71876ff26b5b,39.88
Locust,LCT-3V,019f583e-c25d-74bb-80ed-34c7ceeb64df,39.88
Locust,LCT-5M,019f583e-d18d-7a68-bf89-ae7e0ade3045,39.88
Locust,LCT-5M2,019f583e-d43a-787c-baa7-363346446ce4,39.88
Locust,LCT-5M3,019f583e-d43b-7272-8658-5e4ed713906d,39.88
Locust,LCT-5S,019f583e-d925-770f-b6f4-5a3e1c9dd8e0,39.88
Locust,LCT-5T,019f583e-d18f-7838-b95c-138e0d9298bf,39.88
Locust,LCT-5V,019f583e-d190-7093-8385-1e91f2f4f9d8,39.88
Locust,LCT-5W,019f583e-d193-7647-b72c-ee0cd3a38e60,39.88
Locust,LCT-5W2,019f583e-d195-7f49-a092-3b7f9bac3cbe,39.88
Locust,LCT-6M,019f583e-d197-789a-ab3d-f583cdef095a,39.88
Locust,LCT-7S,019f583e-d927-7de4-8656-6d95531e8c19,39.88
Locust,LCT-7V,019f583e-d929-7201-a6e0-19f063c7d20a,39.88
Locust,LCT-7V2,019f583e-d92a-743e-aad3-c542854deffa,39.88
Locust IIC,,019f583e-d91c-7628-a57a-7d2f16af16a9,41.59
Locust IIC,10,019f583e-d917-7b7f-9cc5-b006de0a3c9a,41.59
Locust IIC,2,019f583e-d919-74f9-954c-c2dacb87f992,41.59
Locust IIC,3,019f583e-d91a-7035-9b91-f619f8b38539,41.59
Locust IIC,4,019f583e-d182-708e-bec9-02880c669755,41.59
Locust IIC,5,019f583e-d183-717c-82d4-e71337a6db32,41.59
Locust IIC,6,019f583e-d185-7edd-a526-95810d9bda13,41.59
Locust IIC,7,019f583e-d186-7815-89db-6a388eb46aef,41.59
Locust IIC,8,019f583e-d188-70b7-a9c7-3ec29d1962fb,41.59
Locust IIC,9,019f583e-d18a-7888-b109-f2ba1974e698,41.59
Loki,A,019f583e-c5cd-717b-ae72-3f3dae13d05e,46.15
Loki,B,019f583e-c5cf-7175-8426-bc613a41f720,46.15
Loki,C,019f583e-c5d1-70c5-8e49-11f85d05d4e0,46.15
Loki,D,019f583e-c5d4-7cb1-b608-71eb6af784b9,46.15
Loki,E,019f583e-c5d5-7bac-ab56-f00a0495d87b,46.15
Loki,F,019f583e-c5d7-73ba-a495-3161989fc449,46.15
Loki,G,019f583e-d43d-739e-ba8a-918c24fd074e,46.15
Loki,H,019f583e-c5d8-7d79-8b23-5b39d8967f3f,46.15
Loki,J,019f583e-d7e5-7646-8251-d55678b7a98a,46.15
Loki,M,019f583e-de32-76bb-acf7-ca801ba58dd0,46.15
Loki,Prime,019f583e-c5db-737a-934e-d19d1d8686a0,46.15
Loki,T,019f583e-d7e7-7cf3-995d-c4d3982ed6e1,46.15
Loki Mk II,(Prime),019f583e-d2df-726e-bffd-bcaeef1f1f42,47.85
Loki Mk II,A,019f583e-d2e0-7643-829d-66e45d4b8637,47.85
Loki Mk II,B,019f583e-d2e2-74a9-9eb0-e78812bf76da,47.85
Loki Mk II,F,019f583e-dbaa-71e1-896c-eb795183edf3,47.85
Loki Mk II,T,019f583e-dbab-7bd5-818e-1a15d56a9287,47.85
Longbow,LGB-0C,019f583e-dff3-7b25-8f5c-e68b9aa60d71,46.86
Longbow,LGB-0H,019f583e-da1b-7f5f-9616-1cc90c9cc405,46.86
Longbow,LGB-0W,019f583e-c262-7f1a-accd-0adcb254055b,46.86
Longbow,LGB-0W (Vijay),019f583e-d607-78ff-a133-8d48b31ab888,46.86
Longbow,LGB-0W2,019f583e-da1e-79e2-afdd-cc6152a622dc,46.86
Longbow,LGB-10C,019f583e-da20-74a7-8b53-1a08787e178f,46.86
Longbow,LGB-10K,019f583e-da23-71af-8d11-7d99a88dc4fc,46.86
Longbow,LGB-12C,019f583e-d199-7bb1-a509-5615bb469cdb,46.86
Longbow,LGB-12R,019f583e-d19b-7177-a0a1-fc84f37db111,46.86
Longbow,LGB-13C,019f583e-d19c-7eba-9a56-635c35acc4d8,46.86
Longbow,LGB-13NAIS,019f583e-d19e-75ce-be99-799c399aa6bb,46.86
Longbow,LGB-14C,019f583e-d19f-7c25-aeea-db07206249e4,46.86
Longbow,LGB-14C2,019f583e-d43e-76bb-a370-9e2fa9359e96,46.86
Longbow,LGB-14Q,019f583e-da25-740e-ba1f-0020192e9d40,46.86
Longbow,LGB-14V,019f583e-da27-70a1-a256-2945498c9de9,46.86
Longbow,LGB-7Q,019f583e-ca68-7a38-b80f-f297dc3e73fe,46.86
Longbow,LGB-7V,019f583e-ca6a-79c9-bc98-50f8b28dccf9,46.86
Longbow,LGB-8C,019f583e-da29-72ed-a3a8-bd2ed4599e81,46.86
Longbow,LGB-8V,019f583e-d0ec-7237-aaed-8cd385d766b9,46.86
LRM Carrier,,019f583e-e2bb-7c9f-bad8-69d9274198bd,18.28
LRM Carrier,(3055 Upgrade),019f583e-e41e-705b-87c8-1216a0c5297b,18.28
LRM Carrier,(Primitive),019f583e-ec2a-7682-bd35-0ff30fe06d81,18.28
LRM Carrier,(WoB),019f583e-e420-7506-83d3-2431571c3167,18.28
LRM Carrier,C,019f583e-e9ea-7e28-8290-fda6174d2c58,18.28
Mad Cat,(Bounty Hunter 2),019f583e-d5ca-7e5b-b7c7-8514efd8dc54,47.42
Mad Cat,(Bounty Hunter),019f583e-d6d3-713c-b9b0-41839351cbe5,47.42
Mad Cat,(Pryde),019f583e-c5ed-7beb-8c4c-a3d6c3d97c1d,47.59
Mad Cat,A,019f583e-c5dd-78ba-9fc5-f14baf6df754,47.42
Mad Cat,B,019f583e-c5de-76a7-8143-94620cb016ce,47.42
Mad Cat,BLO,019f583e-dd57-798f-9776-8996965759e6,47.42
Mad Cat,C,019f583e-c5e0-7db6-95a6-b0a930010159,47.42
Mad Cat,D,019f583e-c5e1-7e55-8f8c-953010183168,47.42
Mad Cat,E,019f583e-c5e3-7b13-b1ca-21de7aff1a50,47.42
Mad Cat,F,019f583e-c5e4-7440-8a88-d1795f63dba6,47.42
Mad Cat,H,019f583e-c5e9-7e88-ba37-05d4e0abfbe1,47.42
Mad Cat,M,019f583e-dbe4-79ca-a674-2d4bb539f03f,47.42
Mad Cat,N,019f583e-dbe5-7b4d-a1d5-c9aba3c6e2f5,47.42
Mad Cat,Prime,019f583e-c5eb-7cb8-b144-37b1bcb3270f,47.42
Mad Cat,S,019f583e-c5ee-79dd-988e-a38dfc82e6e8,47.42
Mad Cat,T,019f583e-dbe6-722c-929a-680e9ed34934,47.42
Mad Cat,TC,019f583e-de33-79b1-be6c-f89d30785a6b,47.42
Mad Cat,U,019f583e-d0ed-726d-b8f5-ad06a45b4485,47.42
Mad Cat,W,019f583e-dbe8-78f9-9301-356bb7bb7df3,47.42
Mad Cat,Z,019f583e-deee-766b-9109-ebd413922773,47.42
Man O' War,(Conal),019f583e-de9b-75e4-bf93-eadfd03febc0,49.61
Man O' War,A,019f583e-c5f0-7ff8-8a54-7b2feddda4c7,49.61
Man O' War,B,019f583e-c5f2-724e-b46d-4a61b068f4be,49.61
Man O' War,C,019f583e-c5f3-739d-a364-71eff147d922,49.61
Man O' War,D,019f583e-c5f5-7c77-8518-069339648ad7,49.61
Man O' War,E,019f583e-c5f7-7e28-9e90-f1698cb50bc3,49.61
Man O' War,F,019f583e-d827-7afe-8fd8-19c283fb69af,49.61
Man O' War,G,019f583e-c5f9-76a4-874b-df7ecc8b46db,49.61
Man O' War,H,019f583e-c5fa-727d-bff8-23ff5e717ff3,49.61
Man O' War,I,019f583e-d82b-7163-a25a-ed76a4ab2582,49.61
Man O' War,J,019f583e-d82e-7de4-94ca-95590a17c052,49.61
Man O' War,K,019f583e-d834-7d00-bd33-da500eb5e86c,49.61
Man O' War,M,019f583e-c5fc-745f-8ca3-25618d444fca,49.61
Man O' War,P,019f583e-d836-7ad5-8c2b-fbed6441700f,49.61
Man O' War,Prime,019f583e-c5fe-7aaa-b789-04490442a799,49.61
Man O' War,T,019f583e-d839-7167-b154-3ffee30fff02,49.61
Man O' War,X,019f583e-d44f-7e87-a7d2-f36ea70cafc9,49.61
Manticore Heavy Tank,,019f583e-e2c0-7df4-ac2a-b03229952c19,20.36
Manticore Heavy Tank,'The Ballista',019f583e-ebde-7619-89aa-ef3eb6a80c50,20.36
Manticore Heavy Tank,(3055 Upgrade),019f583e-e423-78b0-b01b-732eb7b73965,20.36
Manticore Heavy Tank,(C3M),019f583e-e424-7454-a328-6889a77882b0,20.36
Manticore Heavy Tank,(C3S),019f583e-e426-7701-aa82-932b0ac08034,20.36
Manticore Heavy Tank,(HPPC),019f583e-e768-7398-b083-cc68b48ff5f9,20.36
Manticore Heavy Tank,(LB-X),019f583e-e427-772f-9712-ab43d43944bc,20.36
Manticore Heavy Tank,(RAC),019f583e-e429-7c84-967f-0b85f400a1d4,20.36
Manticore Heavy Tank,(XL),019f583e-ea0d-7bde-b635-4755fc463aac,20.36
Manticore Heavy Tank,EC,019f583e-e8f0-7459-b851-b6bac139b937,20.36
Marauder,(Bounty Hunter-3015),019f583e-dc00-7a8f-afeb-0d1f09c66228,50.13
Marauder,(Bounty Hunter-3044),019f583e-dc01-7c4b-8299-730cfd93d383,50.13
Marauder,(Bounty Hunter-3138),019f583e-dc03-72c5-abcc-f159e0eb2feb,50.13
Marauder,(Red Hunter-3146),019f583e-dc19-7ec9-bbb3-e072f352506d,50.13
Marauder,C,019f583e-dc04-78ef-820a-85c112d1c870,50.13
Marauder,MAD-11D,019f583e-dc0c-7633-a9d5-6955faa797e3,50.13
Marauder,MAD-1R,019f583e-cee1-74ed-ab97-4072f8ae21ed,50.13
Marauder,MAD-2R,019f583e-cee2-73b9-99c6-729b69ca2c75,50.13
Marauder,MAD-2T,019f583e-dc0e-7ee1-a115-54187006a877,50.13
Marauder,MAD-3D,019f583e-c266-704a-894e-895fa4c5ffeb,50.13
Marauder,MAD-3D (Sanchez),019f583e-d609-7124-9189-0418f6eae339,50.13
Marauder,MAD-3H,019f583e-d6b3-7bcb-b0a0-70476a4273dd,50.13
Marauder,MAD-3J,019f583e-c129-75c8-a795-ec15ca28b179,50.13
Marauder,MAD-3L,019f583e-c268-7b5e-a984-49a06e4cd871,50.13
Marauder,MAD-3M,019f583e-c269-7776-93a1-6a5d1a121209,50.13
Marauder,MAD-3R,019f583e-c26b-73cd-8e73-6ad0f44f68d2,49.44
Marauder,MAD-3V,019f583e-c12c-709b-b7db-455a091f4c9c,50.13
Marauder,MAD-4X,019f583e-e09d-785c-906a-73a064ffb748,50.13
Marauder,MAD-5CS,019f583e-de35-76f2-ade2-616bad63ba2c,50.13
Marauder,MAD-5D,019f583e-dc11-7a21-ae06-7b96ce09ce6f,50.13
Marauder,MAD-5D-DC,019f583e-dc0f-79e6-810f-0fe44db94c10,50.13
Marauder,MAD-5L,019f583e-d1bb-763c-b021-0b2ea3b30bdd,50.13
Marauder,MAD-5M,019f583e-d1bc-7c24-a3c0-46c05cedb564,50.13
Marauder,MAD-5R,019f583e-d1be-7f24-bb38-c14b3fdbba47,50.13
Marauder,MAD-5S,019f583e-dc12-7cf9-8368-3565615aa615,50.13
Marauder,MAD-5T,019f583e-d1c0-75cd-ad94-b557065bddee,50.13
Marauder,MAD-6L,019f583e-d1c2-7c80-8e0a-2098852b2646,50.13
Marauder,MAD-7C,019f583e-dc13-7468-8ab1-10c378a79448,50.13
Marauder,MAD-7D,019f583e-d1c4-74a6-96b6-08aeaa06dd05,50.13
Marauder,MAD-7D (Von Staskov),019f583e-de89-7934-95f9-911e4902a3d1,50.13
Marauder,MAD-7M,019f583e-dc15-7a09-8fac-1cd821f500af,50.13
Marauder,MAD-7R,019f583e-dc17-7ade-8504-836175b1b3cb,50.13
Marauder,MAD-7S,019f583e-dc18-77b7-a2a2-483c140afb0e,50.13
Marauder,MAD-9D,019f583e-d455-7bac-a794-a9811424be0d,50.13
Marauder,MAD-9M,019f583e-d1c6-7b3f-9814-c23d9ca74eb8,50.13
Marauder,MAD-9M2,019f583e-d1c7-7e00-beb1-cf4945915216,50.13
Marauder,MAD-9S,019f583e-d1c9-79e7-a691-68d81fcb90ce,50.13
Marauder,MAD-9W,019f583e-d1cb-7d92-a9be-96fe4dcb020a,50.13
Marauder,MAD-9W2,019f583e-d1cd-7430-9a86-7c634033428b,50.13
Marauder,MAD-SD (Douglass),019f583e-de4f-7790-a228-e6c5b34ad608,50.13
Marauder II,(Bounty Hunter),019f583e-d1a2-7ccf-ad1a-a208537718a4,48.95
Marauder II,C,019f583e-d1a3-73c3-9dad-c1fa0cbf9066,48.95
Marauder II,MAD-10D,019f583e-dbe9-702e-9c39-2df344cbf10f,48.95
Marauder II,MAD-4A,019f583e-c264-71e9-856b-94d5ee49a5eb,48.95
Marauder II,MAD-4H,019f583e-d1a5-734d-934f-90f96c1a9404,48.95
Marauder II,MAD-4K,019f583e-d1a6-7678-8ba1-ada99c84096b,48.95
Marauder II,MAD-4L,019f583e-d452-7aac-82fc-70c50db387f6,48.95
Marauder II,MAD-4S,019f583e-d1a8-7e0e-a493-ca4f59afb793,48.95
Marauder II,MAD-5A,019f583e-dbeb-7e9c-9631-c58fa24c0c44,48.95
Marauder II,MAD-5B,019f583e-dbed-73fa-874a-44a1c602521a,48.95
Marauder II,MAD-5C,019f583e-dbed-73fa-874a-44a1c602521b,48.95
Marauder II,MAD-5W,019f583e-d1aa-72ea-970e-a01815e17f04,48.95
Marauder II,MAD-6A,019f583e-dbef-7812-9c19-1f521a7b547e,48.95
Marauder II,MAD-6C,019f583e-dbf0-7a66-9dd9-2d41999a2477,48.95
Marauder II,MAD-6D,019f583e-d1ac-740c-9d80-46b0a3ed1c1d,48.95
Marauder II,MAD-6M,019f583e-d1ae-74f5-8c61-baf31d9b76a6,48.95
Marauder II,MAD-6S,019f583e-deb2-7a24-bdd7-24f8baa5ef04,48.95
Marauder II,MAD-8K,019f583e-dbf3-7335-8622-a48afd3ecb3b,48.95
Marauder IIC,,019f583e-dc0a-7d99-92d8-7427e5f4d3a6,45.75
Marauder IIC,10,019f583e-dc05-7407-9d6a-1db3cdf5e8fc,45.75
Marauder IIC,2,019f583e-d1b0-7faa-b8a4-48b1dc4db563,45.75
Marauder IIC,3,019f583e-d1b2-760e-9b4f-6cdcb0f5a055,45.75
Marauder IIC,4,019f583e-d1b4-74eb-92d0-d57d84a69822,45.75
Marauder IIC,5,019f583e-d1b6-719a-9852-5d66636eb3e3,45.75
Marauder IIC,6,019f583e-d1b7-77dd-85c4-d0d8c77bf555,45.75
Marauder IIC,7,019f583e-d1b9-7bac-b269-7bde1e3a5196,45.75
Marauder IIC,8,019f583e-dc07-76e8-8b0d-3b770d835bfc,45.75
Marauder IIC,9,019f583e-dc08-745a-90f4-a3af0c1e1069,45.75
Masakari,A,019f583e-c5ff-7c7a-a466-eb78d1fae5b9,46.56
Masakari,B,019f583e-c601-74a9-a175-f7787bad87e4,46.56
Masakari,C,019f583e-c602-7a92-88f7-8ca2fb6ff5cb,46.56
Masakari,D,019f583e-c603-73d6-bf98-c002ecafb372,46.56
Masakari,E,019f583e-c606-7582-97a2-36d886e5b415,46.56
Masakari,F,019f583e-da2b-784e-a052-d3bba8e57a1a,46.56
Masakari,G,019f583e-da2d-7d2b-9de2-b879cbc45167,46.56
Masakari,H,019f583e-c608-7827-8da3-ca9d2c399b08,46.56
Masakari,I,019f583e-da2f-752c-ab7c-5305cf299a41,46.56
Masakari,L,019f583e-da30-7771-a12d-8d6c88f8f05d,46.56
Masakari,Prime,019f583e-c60a-7924-bb93-89bbc54fd2ff,46.56
Masakari,T,019f583e-da32-7335-b66f-1a5f6f12c3d4,46.56
MASH Truck,,019f583e-e2bf-7ab6-86e7-0bcc5abc3167,14.15
MASH Truck,(AMS),019f583e-ea0b-788c-a59f-fd68b1b4a7df,14.15
MASH Truck,(ICE),019f583e-e2bd-7bfa-b5e6-42df9a343ab0,14.15
MASH Truck,(Small),019f583e-e23b-7e24-b993-bf2c457564ce,14.15
Mauler,MAL-1K,019f583e-c60b-7247-98c6-23e4441230de,51.81
Mauler,MAL-1KX,019f583e-dcc6-75c6-877e-f447e7881e8f,51.81
Mauler,MAL-1PT5,019f583e-dcc8-7b91-8fad-62d62f656dec,51.81
Mauler,MAL-1PT6,019f583e-dcc9-73ce-a7f6-ff55fc17f15c,51.81
Mauler,MAL-1R,019f583e-c60d-709a-8004-2f1f037dae55,51.81
Mauler,MAL-1X-AFFC,019f583e-dcca-7085-8a90-21e0d1ee7f85,51.81
Mauler,MAL-1Y,019f583e-dccc-7e65-893f-5031e55dc82b,51.81
Mauler,MAL-2D,019f583e-dccd-7316-b7f6-fcf7b57e6342,51.81
Mauler,MAL-2R,019f583e-c60e-7797-9fdd-4cf5656e23cf,51.81
Mauler,MAL-3K,019f583e-dcd0-71d5-9557-d7976bf60f21,51.81
Mauler,MAL-3R,019f583e-c610-7ccf-95d5-6bde0b7b3d86,51.81
Mauler,MAL-4R,019f583e-dbac-7023-aa76-2a7ffccf60da,51.81
Mauler,MAL-4X 'Todesbote',019f583e-dfb3-7ac2-84ef-1b271d86093a,51.81
Mauler,MAL-C,019f583e-c611-72f7-ba4a-114f6a43f016,51.81
Maxim (I) Heavy Hover Transport,,019f583e-e435-7895-8943-582dc5baa4dc,16.93
Maxim (I) Heavy Hover Transport,(Company Command),019f583e-e433-73cf-baed-87ee021eaf9c,16.93
Maxim Heavy Hover Transport,,019f583e-e2c6-7b99-a188-ba0759db128e,16.93
Maxim Heavy Hover Transport,(3052 Upgrade),019f583e-e436-773d-9005-2845121d9740,16.93
Maxim Heavy Hover Transport,(Anti-Infantry),019f583e-e438-75bf-9553-dff3c069aad3,16.93
Maxim Heavy Hover Transport,(BA Factory Upgrade),019f583e-e439-73cf-bd5c-599e86dc5198,16.93
Maxim Heavy Hover Transport,(BA Field Upgrade),019f583e-e43b-737f-b15a-a50cf7b64845,16.93
Maxim Heavy Hover Transport,(C3M),019f583e-e43c-7f99-8c0d-bc6eb09b04b1,16.93
Maxim Heavy Hover Transport,(C3S),019f583e-e43e-7b2e-b0ea-8e475889cb09,16.93
Maxim Heavy Hover Transport,(Clan),019f583e-e43f-787f-afce-89671850bb38,16.93
Maxim Heavy Hover Transport,(Escort),019f583e-e99d-7708-9162-7c3cf743c1db,16.93
Maxim Heavy Hover Transport,(Fire Support),019f583e-e441-7bbf-ac48-e9a7a09dc697,16.93
Maxim Heavy Hover Transport,(SRM2),019f583e-e2c1-7b89-825d-ffdd3c57f6ea,16.93
Maxim Heavy Hover Transport,(SRM4),019f583e-e2c4-70ea-98f9-de70e19383c4,16.93
Mercury,MCY-102,019f583e-c613-71b2-9748-2ee268fa52b9,28.48
Mercury,MCY-104,019f583e-c615-7ded-bc32-9277a8753a96,28.48
Mercury,MCY-105,019f583e-d9ba-74b0-82cd-df8b83f035c0,28.48
Mercury,MCY-97,019f583e-c617-7de7-adfd-3b69d7cd4003,28.48
Mercury,MCY-98,019f583e-c26c-7e54-ae5f-66e25fba7fab,28.48
Mercury,MCY-99,019f583e-c619-7cf5-8e61-dcebc5d2ce31,28.48
Merlin,(3063),019f583e-ab86-7edb-82d8-4eb3cbfde589,45.08
Merlin,C,019f583e-dafc-7b63-8da1-e7188d36cc4b,45.08
Merlin,MLN-1A,019f583e-ca77-76c6-9cde-26adc15f2f65,45.08
Merlin,MLN-1B,019f583e-ca7a-7400-b404-b2d22b81fa9b,45.08
Merlin,MLN-1B (Porter),019f583e-d7c8-7215-a540-ceb70372f6f5,45.08
Merlin,MLN-1C,019f583e-ca7b-7ac5-93b1-1c9783b75ef0,45.08
Merlin,MLN-1D,019f583e-daff-79c2-8af0-595aceed7658,45.08
Merlin,MLN-1E,019f583e-db01-76da-8b9a-d55946666517,45.08
Merlin,MLN-1P,019f583e-db02-778e-9078-887b9c34a17f,45.08
Merlin,MLN-SX,019f583e-df3c-7a7b-adbe-0074a9c13595,45.08
Merlin,Ngake,019f583e-ac45-7f96-8385-3f71b88e7505,45.08
Merlin,R1,019f583e-aaa8-70ea-9120-5b26f1b7eb89,45.08
Mobile Headquarters,,019f583e-e2ce-7330-a8ac-401e2f40caf2,19.93
Mobile Headquarters,(ICE - LL),019f583e-e2c7-7106-bd18-f930e87b1602,19.93
Mobile Headquarters,(ICE - LRM),019f583e-e2c9-7b65-a6da-bf1e629851d5,19.93
Mobile Headquarters,(ICE),019f583e-e2ca-761f-8803-78ce3c80d274,19.93
Mobile Headquarters,(LL),019f583e-e2cc-75bf-ac11-395fcd3c41f8,19.93
Mobile Headquarters,(LRM),019f583e-e2cd-7ea3-aab9-8ddae1199ed2,19.93
Mobile Long Tom Artillery,(+Carriages)(Unofficial),019f583e-e23d-71ae-8ee2-21cf8028c6a9,12.35
Mobile Long Tom Artillery,LT-MOB-25,019f583e-e2d3-70be-af0d-5de4c64bcc99,27.28
Mobile Long Tom Artillery,LT-MOB-25 (Ammunition Carriage),019f583e-e2d0-7d13-aa5e-eac6343119aa,12.35
Mobile Long Tom Artillery,LT-MOB-25 (Support Carriage),019f583e-e2d1-74df-a490-5f659ca66f91,12.35
Mobile Long Tom Artillery,LT-MOB-25F,019f583e-e9c0-790e-9de6-27b28b60cab2,27.28
Mobile Long Tom Artillery,LT-MOB-25F (Ammunition Carriage),019f583e-e9b8-792d-9453-e1ecdbb52537,12.35
Mobile Long Tom Artillery,LT-MOB-25F (Ammunition Loader Carriage),019f583e-e9ba-7d70-9dfb-e3ae92a6bc1b,12.35
Mobile Long Tom Artillery,LT-MOB-25F (Drone Command Carriage),019f583e-e9bc-7604-8b01-53383093b165,12.35
Mobile Long Tom Artillery,LT-MOB-25F (Support Carriage),019f583e-e9bd-7e50-85a5-99fb0c456d79,12.35
Mobile Long Tom Artillery,LT-MOB-95,019f583e-e846-7a21-a33b-bfdea3a4656a,27.28
Mongoose,C,019f583e-d678-7909-a7a7-198825fcd003,34.99
Mongoose,C 2,019f583e-d677-799f-8a30-2c730b56f351,34.99
Mongoose,MON-66,019f583e-c61b-79ab-bd03-328b4e384658,34.99
Mongoose,MON-66b,019f583e-cee7-731b-946c-90a66de5e4b6,34.99
Mongoose,MON-66GX,019f583e-df86-7361-b7c3-bd5f17a35ecd,34.99
Mongoose,MON-67,019f583e-c26f-77ad-8912-dfee2da8cfde,34.99
Mongoose,MON-68,019f583e-c272-72d7-8da8-22613da13f84,34.99
Mongoose,MON-69,019f583e-c61f-749d-bc45-5645e7656191,34.99
Mongoose,MON-70,019f583e-c621-7a91-9de2-4456207304db,34.99
Mongoose,MON-76,019f583e-c623-7ca2-9ccd-8f6e69e6d818,34.99
Mongoose,MON-86,019f583e-d0f0-77af-b5ac-a736fbd65fed,34.99
Mongoose,MON-96,019f583e-d80b-779c-9a38-f1af2e224a08,34.99
Night Gyr,A,019f583e-ca7d-723f-941e-b619d9648588,45.18
Night Gyr,B,019f583e-ca7e-7e6d-b9a2-b81ca7c43707,45.18
Night Gyr,C,019f583e-ca80-7a96-9dfb-8a50c4fbb30e,45.18
Night Gyr,D,019f583e-ca82-725b-ab65-a8a96af7783a,45.18
Night Gyr,E,019f583e-ca83-7a65-a1df-72b52a99e74a,45.18
Night Gyr,F,019f583e-da92-73a5-94b7-c8d756efda08,45.18
Night Gyr,G,019f583e-da94-7436-a84c-3faed101d78e,45.18
Night Gyr,H,019f583e-ca86-7bc9-96e9-39ee2bf0515f,45.18
Night Gyr,Prime,019f583e-ca87-7aed-9499-d1d3bbad6f66,45.18
Night Gyr,T,019f583e-da95-7a23-ac9e-aa50642a569e,45.18
Night Gyr,X,019f583e-da98-79e1-a128-21f0a3826cae,45.18
Nightsky,NGS-4S,019f583e-c852-7505-957d-449c769e5001,
Nightsky,NGS-4T,019f583e-c854-7660-8ec8-d06189bc3f53,
Nightsky,NGS-5S,019f583e-c856-7e4d-ba0c-e68bd7c438bf,
Nightsky,NGS-5T,019f583e-c857-7edc-b478-913ff1cc4c32,
Nightsky,NGS-6S,019f583e-c85a-7198-87c1-a253e895212f,
Nightsky,NGS-6T,019f583e-d0f3-71d7-a149-270419c6695c,
Nightsky,NGS-7S,019f583e-db14-778b-875c-65e49115f492,
Nightstar,NSR-10D,019f583e-dc1b-71a2-99b5-5e95fe2a2ab2,45.4
Nightstar,NSR-9FC,019f583e-ca8e-7c37-acf4-9fb91093900f,45.4
Nightstar,NSR-9J,019f583e-ca90-70b8-be75-007dc2de2ec2,45.4
Nightstar,NSR-9J (Brubaker),019f583e-de87-7feb-aa0f-89504493f583,45.4
Nightstar,NSR-9J (Holt),019f583e-dd4f-7dd9-b077-8be1df28c304,45.4
Nightstar,NSR-9SS,019f583e-ca92-7dd2-bd2d-933cc02dbc72,45.4
Nobori-nin,A,019f583e-ca93-7a29-b48d-3e20d76ea5d0,40.89
Nobori-nin,B,019f583e-ca95-7006-84a5-2a9374032b81,40.89
Nobori-nin,C,019f583e-ca97-7e1b-ba78-989d5c344f30,40.89
Nobori-nin,D,019f583e-ca99-7f1a-999f-a9131c651312,40.89
Nobori-nin,E,019f583e-d881-724e-8487-933b6d686d20,40.89
Nobori-nin,F,019f583e-d460-708c-ac88-3e76df785a0b,40.89
Nobori-nin,G,019f583e-d882-7cae-b807-62dec010709d,40.89
Nobori-nin,H,019f583e-ca9a-7669-9f61-ea2fd77e1f7c,40.89
Nobori-nin,I,019f583e-d885-7b87-9cf4-302fbf7f9450,40.89
Nobori-nin,N,019f583e-ca9c-7d48-b763-fe7522fdfc0b,40.89
Nobori-nin,Prime,019f583e-ca9e-7753-a344-9952fa1d1c1e,40.89
Nobori-nin,T,019f583e-d886-7e25-ab7e-f2581376efcc,40.89
Nova Cat,A,019f583e-cc54-724c-baea-6cf1ccb5913e,43.02
Nova Cat,B,019f583e-cc56-7bfb-b42a-a9b4f2f2fb8d,43.02
Nova Cat,C,019f583e-cc59-723a-86ed-0e5250287500,43.02
Nova Cat,D,019f583e-cc5b-71c2-88b8-b87a43652e21,43.02
Nova Cat,E,019f583e-cc5d-77e8-8689-72035b677020,43.02
Nova Cat,F,019f583e-cc5f-7fea-a269-6fd871cbeeaf,43.02
Nova Cat,G,019f583e-cc62-7c23-905d-9fd8601f8567,43.02
Nova Cat,H,019f583e-d461-73b1-9ba9-4e288e94d542,43.02
Nova Cat,I,019f583e-d463-7d85-9a51-acdbab56e59a,43.02
Nova Cat,M,019f583e-daa5-7d79-b033-6fe6ac2ead37,43.02
Nova Cat,Prime,019f583e-cc65-722d-8c3f-a5766118fb9c,43.02
Nova Cat,T,019f583e-daa6-706c-a44e-fb21d8e2e423,43.02
Ontos Heavy Tank,,019f583e-e2df-7f34-bf5b-58802c3ab2a6,20.49
Ontos Heavy Tank,(3053 Upgrade),019f583e-e443-76eb-a040-f6a6615b9c6d,20.49
Ontos Heavy Tank,(Chemical Laser),019f583e-e9e9-7a5a-98a6-31364cc24e6d,20.49
Ontos Heavy Tank,(Fusion),019f583e-e2db-7aa8-bfa1-fed44a12f05f,20.49
Ontos Heavy Tank,(Light Gauss),019f583e-e444-7860-9478-032c2d31817e,20.49
Ontos Heavy Tank,(LRM),019f583e-e2de-7fa2-ae38-c0d98d788b96,20.49
Ontos Heavy Tank,(MML),019f583e-e76b-769a-8035-7a15c8d4d2f4,20.49
Ontos Heavy Tank,(Sealed),019f583e-e76c-7c13-8afe-c9bd0e69a73e,20.49
Ontos Heavy Tank,HEAT,019f583e-e96a-728c-869b-7771f96eaac0,20.49
Ontos Heavy Tank,X 'All-Aspect Assault Tank',019f583e-ec1b-7756-ab31-68a7bddf8b94,20.49
Orion,(Kerensky),019f583e-dcf9-7842-beeb-9b9df261057d,50.3
Orion,C,019f583e-d4f6-7658-b177-64c36046d711,50.3
Orion,C 2,019f583e-d9bc-7f32-8df6-918b53e4750c,50.3
Orion,ON1-C,019f583e-e007-78f4-89df-7bdf59f784c2,50.3
Orion,ON1-H,019f583e-e009-76d1-9060-38681113e9e0,50.3
Orion,ON1-K,019f583e-c274-71df-b23b-a3b35d0ef7e5,50.3
Orion,ON1-K (Kerensky),019f583e-d5b0-734a-8346-4ee622b02cf5,50.3
Orion,ON1-K (Muller),019f583e-d63b-72e6-bf13-4a1e90f6a2a7,50.3
Orion,ON1-KA,019f583e-c12d-7e54-a9d6-544bcaa88b11,50.3
Orion,ON1-Kb,019f583e-dcfa-784e-b1d9-059f946a663f,50.3
Orion,ON1-M,019f583e-c627-7655-9ab3-b47af3018f56,50.3
Orion,ON1-M-DC,019f583e-c625-716d-b824-f26e97f06f75,50.3
Orion,ON1-MA,019f583e-c629-7e6a-8093-d8585499fa6a,50.3
Orion,ON1-MB,019f583e-c62e-761d-8e3c-2da83460f833,50.3
Orion,ON1-MC,019f583e-c631-7a5d-9841-7ec0a6b87ddf,50.3
Orion,ON1-MD,019f583e-c635-7737-8a88-0ca78959dc8f,50.3
Orion,ON1-V,019f583e-c277-75b8-a9d8-18c1aeeac721,50.3
Orion,ON1-V-DC,019f583e-c275-73a0-a647-9fc4cfc8b5c2,50.3
Orion,ON1-VA,019f583e-c27a-7a36-8d04-322ceb59f65a,50.3
Orion,ON2-M,019f583e-c638-723b-b688-49f70c604a0b,50.3
Orion,ON3-M,019f583e-d776-7145-bdea-c83e25419e55,50.3
Orion,ON3-MX,019f583e-df9f-7b34-b1bc-1701c5d96922,50.3
Ostroc,OSR-2C,019f583e-c27c-7124-be93-3ed85d66c1fb,46.5
Ostroc,OSR-2C (Michi),019f583e-de5b-70d3-8fb7-437494fa2b92,46.5
Ostroc,OSR-2Cb,019f583e-ceee-7db3-ab73-ccbc03951da2,46.5
Ostroc,OSR-2D,019f583e-da50-7206-b940-63b5ee3810f1,46.5
Ostroc,OSR-2L,019f583e-c27f-7939-911f-998489c1bae6,46.5
Ostroc,OSR-2M,019f583e-c280-711a-ad5b-5cbceb5dc0df,46.5
Ostroc,OSR-2OWR,019f583e-c12f-73fa-988a-5d6d67957771,46.5
Ostroc,OSR-3C,019f583e-c283-7b8d-be3d-cf06b536414a,46.5
Ostroc,OSR-3M,019f583e-da52-747f-a837-6ebf5504659f,46.5
Ostroc,OSR-4C,019f583e-d1cf-7249-b989-85904ebdb652,46.5
Ostroc,OSR-4K,019f583e-d1d1-7b6b-8627-87913ea46248,46.5
Ostroc,OSR-4L,019f583e-d1d2-7611-bddc-422b875398c8,46.5
Ostroc,OSR-5C,019f583e-d1d8-7198-ae90-2fea612a5081,46.5
Ostroc,OSR-5W,019f583e-d1db-7db4-b68d-3e498049b629,46.5
Ostroc,OSR-6R,019f583e-da54-7275-b35d-bb66f86b6955,46.5
Ostroc,OSR-9C,019f583e-da56-774c-96df-5380ef3db038,46.5
Ostscout,OTT-10CS,019f583e-d1de-7fcc-a920-a9d18be7d9eb,42.25
Ostscout,OTT-11J,019f583e-d1e1-7da1-ad37-f7931a04f973,42.25
Ostscout,OTT-12R,019f583e-d9f5-7fe4-9a09-b748eb1ac8f4,42.25
Ostscout,OTT-7J,019f583e-c284-74c1-ac59-8cf567a70d76,42.25
Ostscout,OTT-7Jb,019f583e-ceef-72ee-84ae-426a5c3bd18e,42.25
Ostscout,OTT-7K,019f583e-d1e4-73f0-8c4f-5f467a6c8076,42.25
Ostscout,OTT-8J,019f583e-d9f8-7f83-83f3-d7583d9a7738,42.25
Ostscout,OTT-9CS,019f583e-d1e5-7ea8-8a70-4fb122de8e23,42.25
Ostscout,OTT-9S,019f583e-d1eb-7741-bb40-dbec57094754,42.25
Ostsol,C,019f583e-d8d3-7750-a063-7fb00b6d3a46,47.54
Ostsol,OTL-4D,019f583e-c286-7b3f-9a22-9dc69e6a5e0e,47.54
Ostsol,OTL-4D (Ragnar),019f583e-d620-7b09-847f-72804205ea87,47.54
Ostsol,OTL-4F,019f583e-c288-7ff3-9577-4a93485ae1a6,47.54
Ostsol,OTL-5D,019f583e-d1ee-71d1-9d50-30977ec2f19f,47.54
Ostsol,OTL-5M,019f583e-d8d5-7826-938b-583dabf45ca2,47.54
Ostsol,OTL-5M (Maki),019f583e-d621-7231-ae5d-f37b166a4488,47.54
Ostsol,OTL-6D,019f583e-d1f2-73c1-93ec-e9a69636b3e0,47.54
Ostsol,OTL-7M,019f583e-d1f5-73aa-a8af-1fc48fbb2d62,47.54
Ostsol,OTL-8D,019f583e-d1f7-7ced-854c-c975acb9d5df,47.54
Ostsol,OTL-8E,019f583e-d8d6-7357-a8ef-548d4623a581,47.54
Ostsol,OTL-8E3,019f583e-d8d8-751a-9c4c-8b7da4ff836f,47.54
Ostsol,OTL-8F,019f583e-d8d9-7f37-8c45-377533f85bac,47.54
Ostsol,OTL-8M,019f583e-d1fa-706b-b8d9-e775338d6a53,47.54
Ostsol,OTL-9M,019f583e-d1fc-798b-81d6-c1b98e5429de,47.54
Ostsol,OTL-9R,019f583e-d200-70ec-9e4c-aa9f53e5b06b,47.54
Pack Hunter,,019f583e-cc71-7b94-9c23-2f5cda714bbf,38.21
Pack Hunter,2,019f583e-cc6a-7876-a95d-9a037c315291,38.21
Pack Hunter,3,019f583e-cc6d-7993-b878-3ec59a604edf,38.21
Pack Hunter,4,019f583e-cc6f-7aa8-877b-99c4b3aca9ff,38.21
Pack Hunter,5,019f583e-d7e9-7cfa-acf7-1ac3838edeb2,38.21
Panther,PNT-10ALAG,019f583e-d623-7f38-b9f8-98aadc36418a,38.75
Panther,PNT-10K,019f583e-c63b-73ab-b319-1a7021b7a15b,38.75
Panther,PNT-10K2,019f583e-cfe3-7bae-9684-e62de1145ccb,38.75
Panther,PNT-10KA,019f583e-c63d-78e0-9392-b82695e2d6e8,38.75
Panther,PNT-12A,019f583e-c63f-73af-873b-cf9ab6d84722,38.75
Panther,PNT-12K,019f583e-cfe5-72d0-8e19-7d42830fc690,38.75
Panther,PNT-12K2,019f583e-cfe7-7991-b4df-9197a2a6d9ad,38.75
Panther,PNT-12KC,019f583e-d475-76f1-a5c7-a63f89806e7d,38.75
Panther,PNT-13K,019f583e-cfe9-722b-b358-0cd5c45afd32,38.75
Panther,PNT-14R,019f583e-d973-7efb-b139-c427416c98a1,38.75
Panther,PNT-14S,019f583e-c642-7345-b7dd-cf30a77acca1,38.75
Panther,PNT-16K,019f583e-c645-78be-ac6b-4d812d9e7d0a,38.75
Panther,PNT-8Z,019f583e-c28a-7812-b854-c5d817f8a2cf,38.75
Panther,PNT-9ALAG,019f583e-d625-7eba-81ce-1c6b72cf3ebc,38.75
Panther,PNT-9R,019f583e-c28c-7408-a431-79cf1fabff5b,38.75
Panther,PNT-9Rh,019f583e-d626-7187-b2a1-a26a549da232,38.75
Panther,PNT-C,019f583e-c648-71d9-b709-1d7a045354de,38.75
Panther,PNT-CA,019f583e-c64b-7f18-a847-5db7af2ab044,38.75
Panther,PNT-CM,019f583e-d628-75ac-86b1-54fa96e20644,38.75
Patton Tank,,019f583e-e2ec-7085-a6b4-ebbf5f41d6d7,16.72
Patton Tank,(Taurian),019f583e-e9b6-7847-87a7-a3e171616145,16.72
Patton Tank,(Ultra),019f583e-e453-795c-9c3e-18fd2f9df9b8,16.72
Patton Tank,(XL),019f583e-e9b7-742b-96bf-dadce7598653,16.72
Patton Tank,-SB,019f583e-ec0d-78bb-8d74-3d2a82055d97,16.72
Pegasus Scout Hover Tank,,019f583e-e2f2-79e4-9b66-b2c8808f698a,12.9
Pegasus Scout Hover Tank,(3058 Upgrade),019f583e-e454-7758-a1ce-6f394a507e3c,12.9
Pegasus Scout Hover Tank,(C3),019f583e-e456-7a1b-a3bc-8924f4403231,12.9
Pegasus Scout Hover Tank,(Missile),019f583e-e2ed-7cd2-8e2b-84a3c6930eca,12.9
Pegasus Scout Hover Tank,(MML),019f583e-e994-76ef-b378-442d1dc3b16f,12.9
Pegasus Scout Hover Tank,(MRM),019f583e-e457-7cb3-8b46-4eede24e66cd,12.9
Pegasus Scout Hover Tank,(Sealed),019f583e-e772-7d9c-a180-13aabf79e377,12.9
Pegasus Scout Hover Tank,(Sensors),019f583e-e2ef-744b-85df-a6573f04e9e1,12.9
Pegasus Scout Hover Tank,(Unarmed),019f583e-e2f0-7781-a4e5-f065768eb9a4,12.9
Pegasus Scout Hover Tank,X,019f583e-ebe9-71cd-a8b7-62d5c1b843c6,12.9
Pegasus Scout Hover Tank,X-Pulse,019f583e-e96b-752e-8605-5b2b8f79f500,12.9
Penetrator,PTR-4D,019f583e-c865-72a9-8e4e-877c7b65d94b,43.3
Penetrator,PTR-4F,019f583e-c867-7268-8b61-d62d9a807af1,43.3
Penetrator,PTR-6M,019f583e-c869-77f4-9ad6-2ea2b1f48e45,43.3
Penetrator,PTR-6S,019f583e-c86b-7e2d-ac06-bd1954856fd5,43.3
Penetrator,PTR-6T,019f583e-c86d-78dd-b6c6-7a97d998b753,43.3
Penetrator,PTR-7D,019f583e-d4fc-796a-934e-2579bb48cb2c,43.3
Penetrator,PTR-8D,019f583e-db16-76d7-8439-c9ef747d2611,43.3
Peregrine,,019f583e-d847-7bfc-b98f-5197dea38aa7,36.63
Peregrine,2,019f583e-d83d-70e7-a71b-89752f84f03c,36.63
Peregrine,3,019f583e-d840-784a-a5b2-fca4c41703c3,36.63
Peregrine,4,019f583e-c86f-7f03-8517-322a6f95dbb8,36.63
Peregrine,5,019f583e-c870-7d7c-b809-f9c3a14df6d3,36.63
Peregrine,6,019f583e-d842-7b6d-a139-1f04a73323f8,36.63
Peregrine,7,019f583e-d845-7cab-b941-01c22f429149,36.63
Phoenix Hawk,C,019f583e-d84d-7661-a544-4362c0631b53,44.1
Phoenix Hawk,C 2,019f583e-d84a-74ff-82c6-ba8b363287c0,44.1
Phoenix Hawk,PXH-1,019f583e-c28e-7e8e-abe0-a8c01a224a3a,44.1
Phoenix Hawk,PXH-1-EC,019f583e-d685-7d15-b496-baf3aa6396db,44.1
Phoenix Hawk,PXH-1b 'Special',019f583e-ceff-76f9-8d6e-a142823938b1,43.08
Phoenix Hawk,PXH-1bC,019f583e-de36-7e5a-8b75-0be7f8129693,44.1
Phoenix Hawk,PXH-1c 'Special',019f583e-cf00-7026-8fa8-2f212adbcb4b,44.1
Phoenix Hawk,PXH-1D,019f583e-c290-7e02-98bd-fa9a6f7a4b6f,44.1
Phoenix Hawk,PXH-1GU 'Special',019f583e-dc9f-75ce-90f3-3cd204cdd137,44.1
Phoenix Hawk,PXH-1K,019f583e-c293-7cb7-97f0-70d246636400,44.1
Phoenix Hawk,PXH-1Kk,019f583e-d5ed-79c8-ab6c-fd7dc0a2b76e,44.1
Phoenix Hawk,PXH-1T,019f583e-d6b5-71f7-bd91-4a85c8a2efd4,44.1
Phoenix Hawk,PXH-1VC,019f583e-dca0-7451-8435-6388933f6010,44.1
Phoenix Hawk,PXH-2,019f583e-d212-7af2-b268-af97265b8e2b,44.1
Phoenix Hawk,PXH-2K,019f583e-d84f-7b8a-9a24-5a51758f772a,44.1
Phoenix Hawk,PXH-3D,019f583e-d853-74f8-9cce-8bf755c14a9e,44.1
Phoenix Hawk,PXH-3D (Jiemin),019f583e-de8d-7b75-9efb-443318109055,44.1
Phoenix Hawk,PXH-3K,019f583e-d855-7205-b9dd-58d5f0770559,44.1
Phoenix Hawk,PXH-3M,019f583e-d858-76e3-a690-6321f4838ce7,44.1
Phoenix Hawk,PXH-3M (Masters),019f583e-d214-7a7f-ad66-4f943355310d,44.1
Phoenix Hawk,PXH-3PL,019f583e-d215-7f65-8009-93f91f0084cb,44.1
Phoenix Hawk,PXH-3S,019f583e-d85a-7f0e-875b-39e88f5459ed,44.1
Phoenix Hawk,PXH-4L,019f583e-d217-7e58-bae2-eb6a4af6abe4,44.1
Phoenix Hawk,PXH-4L (Sante),019f583e-d5cb-73bb-be5b-e36b197a64ca,44.1
Phoenix Hawk,PXH-4M,019f583e-d85d-7655-b69c-52a03bf55819,44.1
Phoenix Hawk,PXH-4W,019f583e-d219-7a6f-918d-342c1bb6c78c,44.1
Phoenix Hawk,PXH-5L,019f583e-d21b-72d3-8f10-ccd8a90769c5,44.1
Phoenix Hawk,PXH-6D,019f583e-d21e-7c2e-9719-a15531f7c9bb,44.1
Phoenix Hawk,PXH-7CS,019f583e-d220-7d1f-b779-b8afd2237896,44.1
Phoenix Hawk,PXH-7K,019f583e-d222-72b0-9535-689cad297cc6,44.1
Phoenix Hawk,PXH-7KJ 'Jasmine',019f583e-e081-739d-b3b6-03d1b129aa0c,44.1
Phoenix Hawk,PXH-7S,019f583e-d223-78c9-b96a-fcb1ccaa5853,44.1
Phoenix Hawk,PXH-8CS,019f583e-d226-7182-a9df-981602ea9eca,44.1
Phoenix Hawk,PXH-9,019f583e-d860-7826-8ff8-34239e00651c,44.1
Phoenix Hawk,PXH-99,019f583e-df52-75da-b9e0-77c4ca9d7b50,44.1
Phoenix Hawk IIC,,019f583e-d8f9-7e44-a250-f2fde6b38d8f,53.3
Phoenix Hawk IIC,10,019f583e-d8f3-718f-8b29-41cae79b675a,53.3
Phoenix Hawk IIC,2,019f583e-d8f6-7294-a773-ca6adc4f7976,53.3
Phoenix Hawk IIC,3,019f583e-d202-7db5-8883-79fe74ecad79,53.3
Phoenix Hawk IIC,4,019f583e-d206-7234-a3b3-2c370d15ddd0,53.3
Phoenix Hawk IIC,5,019f583e-d208-7f0b-a9e2-38ca74d3100e,53.3
Phoenix Hawk IIC,6,019f583e-d20b-78c4-9dcb-2aa4542f8ea6,53.3
Phoenix Hawk IIC,7,019f583e-d20d-7df7-b0cb-60d835e3dae2,53.3
Phoenix Hawk IIC,8,019f583e-d20f-7b51-bbee-ae0372341dbd,53.3
Phoenix Hawk IIC,9,019f583e-d8f7-7f76-89c3-ceea760544cf,53.3
Pike Support Vehicle,,019f583e-e2f6-7b6c-8637-39f0ecc08718,15.42
Pike Support Vehicle,(AC5),019f583e-e2f3-7af7-ad17-72f3cb39f164,15.42
Pike Support Vehicle,(Clan),019f583e-e9f4-7be0-b41a-964831265071,15.42
Pike Support Vehicle,(LB-X),019f583e-e9f5-7253-9ec1-80333db73a02,15.42
Pike Support Vehicle,(Missile),019f583e-e2f5-7af1-963b-e6efcaeb87bb,15.42
Pike Support Vehicle,(Plasma),019f583e-e9f7-74e6-884d-ba230180b919,15.42
Pike Support Vehicle,(RAC) 'Assault Pike',019f583e-e9f8-729b-9d23-22c24c6e4f69,15.42
Pillager,PLG-1N,019f583e-cab2-7a46-b7b3-ef66a217615f,53.7
Pillager,PLG-3Z,019f583e-cab5-7fe8-a3bd-3b93f3ab49c9,53.7
Pillager,PLG-4X 'Anvil',019f583e-df96-7aee-974a-af074c5e34ca,53.7
Pillager,PLG-4Z,019f583e-cab7-76a7-91ab-c8e323a7841c,53.7
Pillager,PLG-5L,019f583e-cab9-724a-9e55-eeaeb6a577f6,53.7
Pillager,PLG-5Z,019f583e-caba-78dd-8f30-b2d3e89fdde8,53.7
Pillager,PLG-6Z,019f583e-db7e-7b6a-8a82-007774c230ac,53.7
Piranha,,019f583e-cac0-7d1d-9500-6337d38f307a,33.8
Piranha,2,019f583e-cabc-76da-bfb6-71ea60938658,33.8
Piranha,3,019f583e-cabe-7ba3-9dd7-e9842d78c6d8,33.8
Piranha,4,019f583e-d0f6-70ab-966e-eec9ce559137,33.8
Piranha,5,019f583e-d8ac-7fd8-8ad5-f1f974c52039,33.8
Pouncer,A,019f583e-c886-74c6-a8e4-09db2269d87d,33
Pouncer,B,019f583e-c887-7ab4-99a9-c9d2dcce4666,33
Pouncer,C,019f583e-c88a-7829-9a0b-8d787ce70ad9,33
Pouncer,D,019f583e-c88c-758d-a23f-276a5e43762f,33
Pouncer,E,019f583e-c88e-7cba-99aa-1e9a6208c9b6,33
Pouncer,F,019f583e-daea-7141-937c-50ab63ae345e,33
Pouncer,G,019f583e-daec-7424-9b93-15905ad7ead9,33
Pouncer,H,019f583e-c88f-74cb-b8be-35ec1c264f96,33
Pouncer,I,019f583e-daee-714d-83a2-7fa881e3dfda,33
Pouncer,Prime,019f583e-c892-722c-9d57-62ebd17f35b2,33
Pouncer,T,019f583e-daef-7721-bcbf-8860753b9f27,33
Pouncer,W,019f583e-daf1-7093-a911-38bf885b5ad5,33
Pouncer,X,019f583e-daf2-7837-8314-5720e792b781,33
Puma,A,019f583e-c64d-7e8b-8af9-b16e20127547,32.1
Puma,B,019f583e-c650-786b-ae4c-f3cadc906ce4,32.1
Puma,C,019f583e-c653-7960-8f6f-08aea226e0e2,32.1
Puma,D,019f583e-c655-75a7-8d2d-69ada5dacb96,32.1
Puma,E,019f583e-c658-746f-bef1-9831521583f0,32.1
Puma,H,019f583e-c65b-72af-95b9-5347a780eb90,32.1
Puma,I,019f583e-db47-7670-953e-6c6f310fd6c6,32.1
Puma,J,019f583e-c65d-732c-9253-82ce5f06ebce,32.1
Puma,K,019f583e-db49-72c1-af53-5c8828142057,32.1
Puma,L,019f583e-db4b-7993-81cd-decbf519ddcc,32.1
Puma,Prime,019f583e-c660-7799-bccc-c6b51d07caf9,32.1
Puma,S,019f583e-db4c-7f30-ab12-84f34bdcd786,32.1
Puma,T,019f583e-db4e-74d7-9af3-22acbf046ef7,32.1
Puma,TC,019f583e-de38-7adc-85a3-3aa6d4ed8be1,32.1
Quickdraw,QKD-4G,019f583e-c294-7d59-a6ed-f604c3ff4e9d,46.47
Quickdraw,QKD-4Gh,019f583e-d629-79a5-909d-d7b83ec1993b,46.47
Quickdraw,QKD-4H,019f583e-c296-7f4e-a898-34f152f050a9,46.47
Quickdraw,QKD-4R,019f583e-c130-74e2-82cb-e8fbceac62af,46.47
Quickdraw,QKD-5A,019f583e-c298-71e8-a7d5-da882b024d9d,46.47
Quickdraw,QKD-5K,019f583e-c662-7a42-b1c5-12af390b7375,46.47
Quickdraw,QKD-5K2,019f583e-c665-7506-ad8c-0f8a475e6259,46.47
Quickdraw,QKD-5M,019f583e-c666-75de-af2e-172589bd7d23,46.47
Quickdraw,QKD-5Mr,019f583e-d0f9-7d4d-bf40-b74fd03200f7,46.47
Quickdraw,QKD-8K,019f583e-c668-7a9d-836b-938c717e9270,46.47
Quickdraw,QKD-8P,019f583e-d77e-78d6-90fc-e01d7ffad332,46.47
Quickdraw,QKD-8X,019f583e-df72-7ffc-9bd9-28cc2ee3f881,46.47
Quickdraw,QKD-9G,019f583e-db0f-7b6c-96ee-b8f3712dc105,46.47
Quickdraw,QKD-9M,019f583e-d47b-7284-ae7f-45bb06e9c759,46.47
Quickdraw,QKD-C,019f583e-c66a-7cab-8ab9-c712e9efd72f,46.47
Raven,RVN-1X,019f583e-c299-7289-bbc7-63a460206607,34.03
Raven,RVN-2X,019f583e-c29d-72c3-8ad9-9e0004b6fa33,34.03
Raven,RVN-3L,019f583e-c66e-7b72-aa81-f23f6a1bca96,34.03
Raven,RVN-3M,019f583e-c670-7a8d-b748-45169a0493b9,34.03
Raven,RVN-3X,019f583e-c2a0-78bd-bd5f-d666e8318ada,34.03
Raven,RVN-4L,019f583e-c672-721b-bc24-00bffae0c080,34.03
Raven,RVN-4LC,019f583e-c674-7487-90da-8dd0378a3201,34.03
Raven,RVN-4Lr,019f583e-d0fd-7b64-abb2-a2eacbd763f9,34.03
Raven,RVN-4X,019f583e-c2a2-74f5-aa65-63b025c48ca5,34.03
Raven,RVN-5L,019f583e-dc1c-7a82-8315-c851b44a9a78,34.03
Raven,RVN-SR 'Shattered Raven',019f583e-c676-7076-965e-c6165709121a,34.03
Raven,RVN-SS 'Shattered Raven',019f583e-c677-7998-aaf3-13198034e4ae,34.03
Regent,A,019f583e-da57-74b1-b501-31f965d391b5,
Regent,B,019f583e-da59-7282-a4ac-fed895b1a630,
Regent,C,019f583e-da5a-743a-9c6a-812d2e1b203b,
Regent,D,019f583e-da5d-78f6-ab3d-e1eea6a3ec94,
Regent,Prime,019f583e-da5e-7681-a270-ab5f9771ef8b,
Rifleman,C,019f583e-dc68-7688-9962-421a0527f886,45.15
Rifleman,C 2,019f583e-d228-7a43-aedb-e46212d4ed3f,45.15
Rifleman,C 3,019f583e-dc66-7fc7-9c9f-6b04c7cff1a7,45.15
Rifleman,RFL-1N,019f583e-dff9-76bb-a933-407109d950cb,45.15
Rifleman,RFL-2N,019f583e-dffb-7763-b4f4-7a3b8105c99a,45.15
Rifleman,RFL-3B,019f583e-d6b6-78aa-b010-3fb033e726f5,45.15
Rifleman,RFL-3C,019f583e-c2a4-72b1-9e31-3f6b1bf2be83,45.15
Rifleman,RFL-3Cr,019f583e-d240-71fd-a65f-865d531170dd,45.15
Rifleman,RFL-3K 'Cool Head',019f583e-c132-7b50-8185-6c71d3679008,45.15
Rifleman,RFL-3N,019f583e-c2a6-713d-921c-5ae7ec9e985b,45.15
Rifleman,RFL-3N (Legend Killer 2),019f583e-c8a8-74ae-8664-9d7b89634a50,45.15
Rifleman,RFL-4D,019f583e-c2a7-72aa-b17d-943d6cae3dd8,45.15
Rifleman,RFL-4D (Cyrus),019f583e-d60a-73e3-a5fb-dbe1c57482f1,45.15
Rifleman,RFL-5CS,019f583e-de39-71f3-aa29-9b082429df59,45.15
Rifleman,RFL-5D,019f583e-dc6a-77f2-9467-02ff222cdc50,45.15
Rifleman,RFL-5M,019f583e-dc6c-71aa-aa6e-0f27452f4512,45.15
Rifleman,RFL-6D,019f583e-d242-7a68-a407-08ea17f9c75c,45.15
Rifleman,RFL-6X,019f583e-d246-7a96-9e9d-53389979eb17,45.15
Rifleman,RFL-7G,019f583e-dc6d-7db0-9561-c94dca9271f2,45.15
Rifleman,RFL-7M,019f583e-d248-7c18-bb9b-54dc6f0ddff7,45.15
Rifleman,RFL-7N,019f583e-dc70-7a27-9c13-65b18ab5a44d,45.15
Rifleman,RFL-7N2,019f583e-dc71-71b3-aeb3-8499e0affcf9,45.15
Rifleman,RFL-7X,019f583e-d24a-7d0c-8bfe-71d4797db9d4,45.15
Rifleman,RFL-8D,019f583e-d24d-7bbd-b9dc-4d04a68a8669,45.15
Rifleman,RFL-8X,019f583e-d24f-7b3a-9b04-42ef205e5c95,45.15
Rifleman,RFL-9T,019f583e-d251-7278-8c14-b44e84f77bba,45.15
Rifleman,RFL-X3 MUSE WIND,019f583e-df7b-75c0-9df8-ad8fec164132,45.15
Rifleman IIC,,019f583e-d23e-7b23-83d0-74fe9c720a84,48.41
Rifleman IIC,10,019f583e-daae-7e69-8aef-5e0a1de5d10d,48.41
Rifleman IIC,2,019f583e-d22a-7da7-a649-8f6863559ec3,48.41
Rifleman IIC,3,019f583e-d22b-7b94-98db-0dd6008e9696,48.41
Rifleman IIC,4,019f583e-d22e-70b1-b04b-12daa78e9249,48.41
Rifleman IIC,5,019f583e-d231-7a9e-96ff-d068b28e0c42,48.41
Rifleman IIC,6,019f583e-d232-70b0-b0a3-b5ec660de110,48.41
Rifleman IIC,7,019f583e-d237-7d15-b4fe-d9c6910b612c,48.41
Rifleman IIC,8,019f583e-d23b-796e-9709-484aa4000e72,48.41
Rifleman IIC,9,019f583e-daaf-7eab-80d2-91f04fe332a4,48.41
Ryoken,(Kotare),019f583e-c678-7850-8bc3-59b48c81861c,39.91
Ryoken,A,019f583e-c67a-7de5-9fd9-106f260a743c,39.91
Ryoken,Attwater,019f583e-de3e-7bb8-8fac-970feaa141b7,39.91
Ryoken,B,019f583e-c67c-78b3-8600-76e3df10790b,39.91
Ryoken,C,019f583e-c67e-7f87-8961-d8606d5b66a9,39.91
Ryoken,D,019f583e-c67f-76e6-975c-e2372dd43913,39.91
Ryoken,E,019f583e-c681-7bb7-8981-603ec1e73497,39.91
Ryoken,F,019f583e-c683-7169-9eda-926d1b01bb6f,39.91
Ryoken,G,019f583e-c688-7418-8755-37c7ee89d081,39.91
Ryoken,H,019f583e-c68b-79df-b3bb-ffa164d77412,39.91
Ryoken,I,019f583e-dc2a-7892-988c-47d79a1326de,39.91
Ryoken,J,019f583e-dc2b-7297-a0e6-1b6a4cc19f3a,39.91
Ryoken,K,019f583e-dc2c-7c69-bf21-ef8eefdf2b5a,39.91
Ryoken,P,019f583e-dc2d-73fb-98d1-37887ee31d56,39.91
Ryoken,Prime,019f583e-c68c-73fc-aee1-6df21d11a270,39.91
Ryoken,T,019f583e-dc2f-71ac-944c-e029c35a3cb2,39.91
Ryoken,TC,019f583e-de42-7b72-a7fd-a7840ddd1fbd,39.91
Ryoken,Z,019f583e-df19-72f2-b48b-674619b129d5,39.91
Sagittaire,SGT-10X,019f583e-cdfc-71f6-84b0-5244f92d0bde,46
Sagittaire,SGT-14D,019f583e-d480-75d7-8733-dcd2a42c687f,46
Sagittaire,SGT-14R,019f583e-db36-761c-8eab-ba44afcf1b53,46
Sagittaire,SGT-8R,019f583e-cd7c-738d-b57d-6748548f59b2,46
Sagittaire,SGT-9D,019f583e-cdfd-7225-af7f-ecfa999d98d6,46
Savannah Master Hovercraft,,019f583e-e301-7e59-91c2-57339abca04a,7.15
Savannah Master Hovercraft,(Interdictor),019f583e-e777-759a-b73f-6f8d502989ed,7.15
Savannah Master Hovercraft,(Reflective),019f583e-ea0e-7653-827b-6deb91cfe200,7.15
Savannah Master Hovercraft,(SL),019f583e-e300-717b-915e-ed01ab878f87,7.15
Schrek PPC Carrier,,019f583e-e304-70d6-8795-f750054374a2,15.95
Schrek PPC Carrier,(Anti-Infantry),019f583e-e303-7897-9b56-71c323ab563f,15.95
Schrek PPC Carrier,(Armor),019f583e-e779-79dc-bedc-37362497a89d,15.95
Schrek PPC Carrier,(C3M),019f583e-e77a-7515-9105-0963f3f1025a,15.95
Schrek PPC Carrier,(LB-X),019f583e-ea2b-7639-a5b4-781be47067b5,15.95
Schrek PPC Carrier,(XL),019f583e-ea2c-7763-9894-8836eb1f4310,15.95
Scorpion,C,019f583e-d9cf-79fe-8f9c-8a63ca5ac35d,25.88
Scorpion,SCP-10M,019f583e-d253-7a05-afd0-e3241fab176d,25.88
Scorpion,SCP-12C,019f583e-d255-787e-88fa-b20dbd75ebf5,25.88
Scorpion,SCP-12K,019f583e-d257-7ec9-9cdd-978b5d0dc6ff,25.88
Scorpion,SCP-12S,019f583e-d259-72da-9129-901f888032a6,25.88
Scorpion,SCP-1A,019f583e-c173-71db-b8cb-20332c63693e,25.88
Scorpion,SCP-1B,019f583e-d6b8-7a8c-96f7-fccb6e6294e0,25.88
Scorpion,SCP-1BR,019f583e-d9d2-7aaf-aae3-176d760a7813,25.88
Scorpion,SCP-1N,019f583e-c2ad-7bdb-8e16-7ca0b966fdbe,25.88
Scorpion,SCP-1N (Wendall 2),019f583e-d63d-74e6-becd-03ac80f9c42a,25.88
Scorpion,SCP-1N (Wendall),019f583e-c2a9-7a66-a29d-e78751ec6d80,25.88
Scorpion,SCP-1O,019f583e-d9d4-7fcb-86b2-161b56a66fd5,25.88
Scorpion,SCP-1TB,019f583e-d9d5-7f68-af9e-edca8b4ca527,25.88
Scorpion,SCP-2N,019f583e-d9d8-7d0d-8330-5a99293adf92,25.88
Sentinel,STN-1S,019f583e-c2af-7eb9-ab50-44df2f2de28c,37.06
Sentinel,STN-3K,019f583e-c2b3-7e05-8043-6227737b0085,37.06
Sentinel,STN-3KA,019f583e-c2b5-7724-bd54-0aca4192a4f8,37.06
Sentinel,STN-3KB,019f583e-c2b8-7848-bc63-2815356ddbbb,37.06
Sentinel,STN-3L,019f583e-c68e-70fc-801c-f91c0ea5fb9a,37.06
Sentinel,STN-3Lb,019f583e-d74e-7d2b-87f8-3f0d58ec624e,37.06
Sentinel,STN-3M,019f583e-c68f-70f3-a499-9aa70b701ebe,37.06
Sentinel,STN-4D,019f583e-c691-7ed2-aebe-513f2e50cdf4,37.06
Sentinel,STN-5WB,019f583e-c693-71b3-a1a0-da0541d1274a,37.06
Sentinel,STN-6S,019f583e-d8db-780b-a2d1-78638171d84c,37.06
Sentinel,STN-C,019f583e-c695-78a8-bd7e-79d8ebf92d90,37.06
Shadow Cat,A,019f583e-cad4-761b-9d96-5a7d3c19a673,35.15
Shadow Cat,B,019f583e-cad5-70f2-8221-c68ca0ff2485,35.15
Shadow Cat,C,019f583e-cad7-723f-9198-17e27c1835a5,35.15
Shadow Cat,D,019f583e-dc8c-793b-870b-170e76dba4f6,35.15
Shadow Cat,E,019f583e-dc8e-7564-819a-4a402c68f0f0,35.15
Shadow Cat,F,019f583e-d485-7fa5-98d0-29601ed9d0c0,35.15
Shadow Cat,H,019f583e-cad9-7daa-8194-4914339f7109,35.15
Shadow Cat,I,019f583e-dc8f-7f04-b80e-67479036bf98,35.15
Shadow Cat,J,019f583e-dc91-7c75-8e5a-65c314a47509,35.15
Shadow Cat,M,019f583e-dc92-7c46-8768-ef063975d1ed,35.15
Shadow Cat,Prime,019f583e-cadb-7058-9b0c-f53740127e5b,35.15
Shadow Cat,T,019f583e-dc94-75ca-98b9-7426e1db5061,35.15
Shadow Cat,TC,019f583e-de43-7518-8646-c45e96b2bd94,35.15
Shadow Hawk,C,019f583e-d888-759a-871f-fa00b063887e,42.3
Shadow Hawk,SHD-11CS,019f583e-d267-7267-a343-37ede9e75ffe,42.3
Shadow Hawk,SHD-11CS2,019f583e-d7ae-7284-a5fe-56d6a6687e00,42.3
Shadow Hawk,SHD-12C,019f583e-d269-7025-84c3-48152eb4f278,42.3
Shadow Hawk,SHD-1R,019f583e-dfdd-7f2d-8b7e-21d7beea766f,42.3
Shadow Hawk,SHD-2D,019f583e-c2ba-7a11-b0ad-fa4ef7c7d734,42.3
Shadow Hawk,SHD-2D2,019f583e-d88a-7de4-9e9c-06040c3b4638,42.3
Shadow Hawk,SHD-2H,019f583e-c2bd-7493-b16b-c5dd6e98a2e3,42.3
Shadow Hawk,SHD-2H (Berkowitz),019f583e-d60c-7b7e-a00c-02a955e0c1c8,42.3
Shadow Hawk,SHD-2Hb,019f583e-d88c-77c7-8a67-5f2f7546e5a3,42.3
Shadow Hawk,SHD-2Ht,019f583e-de45-767d-b85d-b57b4beb7d3a,42.3
Shadow Hawk,SHD-2K,019f583e-c2bf-7e28-8a96-bc7bd07de9f2,42.3
Shadow Hawk,SHD-3H,019f583e-dcc0-79f3-82f6-b2fadc04605d,42.3
Shadow Hawk,SHD-3H2,019f583e-dcc1-7ce3-a1d4-98571baee599,42.3
Shadow Hawk,SHD-3K,019f583e-d26a-7c58-b83e-4dfec87b23d3,42.3
Shadow Hawk,SHD-4H,019f583e-d88e-7f3b-b9ff-65eb5af892fc,42.3
Shadow Hawk,SHD-5D,019f583e-d26c-7ccc-9120-d16d70219325,42.3
Shadow Hawk,SHD-5D (Sandy),019f583e-d5cd-7cff-8ca3-733ed356eb4f,42.3
Shadow Hawk,SHD-5M,019f583e-d88f-7b49-8d48-69951ba8a6d8,42.3
Shadow Hawk,SHD-5R,019f583e-d892-7be5-8cda-71a3eec64a3d,42.3
Shadow Hawk,SHD-5S,019f583e-d893-71bc-b20d-4c89a960565d,42.3
Shadow Hawk,SHD-6D,019f583e-d894-7575-b133-406d23fdec62,42.3
Shadow Hawk,SHD-7CS,019f583e-d26f-7b66-b257-2d040ce2ce59,42.3
Shadow Hawk,SHD-7H,019f583e-d896-7426-bf2d-409f2cfdd836,42.3
Shadow Hawk,SHD-7M,019f583e-d271-77f0-8cdf-cffc27fe3d57,42.3
Shadow Hawk,SHD-8L,019f583e-d272-7656-9aed-bc7f7239d090,42.3
Shadow Hawk,SHD-9D,019f583e-d274-7973-9ac3-c5c0ce279dbb,42.3
Shadow Hawk IIC,,019f583e-da41-76ed-82f2-6f3935ce17cd,41.15
Shadow Hawk IIC,10,019f583e-da3c-725b-8ceb-6c81a73ee585,41.15
Shadow Hawk IIC,11,019f583e-da3e-798a-98fb-5a6d385e0c63,41.15
Shadow Hawk IIC,2,019f583e-da3f-7f6a-ab70-9ffa6d832a63,41.15
Shadow Hawk IIC,3,019f583e-d25a-7b69-9403-f6043a2dc150,41.15
Shadow Hawk IIC,4,019f583e-d25d-7f5f-8ca7-02602ca92707,41.15
Shadow Hawk IIC,5,019f583e-d25f-7e06-a110-3ac90bff86f4,41.15
Shadow Hawk IIC,6,019f583e-d260-7212-830b-42355f592ef1,41.15
Shadow Hawk IIC,7,019f583e-d262-7ba4-96a5-3531ca39ec57,41.15
Shadow Hawk IIC,8,019f583e-d264-759f-8d01-5d9fb153019c,41.15
Shadow Hawk IIC,9,019f583e-d48d-7919-9557-a027101a006b,41.15
Shilone,SL-17,019f583e-ad51-79dd-bfb0-19f2362bdf17,10.97
Shilone,SL-17AC,019f583e-ad53-7a2b-bc6b-ec2d5a22c96a,10.97
Shilone,SL-17R,019f583e-ad54-7411-8749-cb05532c1a62,10.97
Shilone,SL-17X,019f583e-b004-7bb9-9819-8698a20aeb63,10.97
Shilone,SL-18,019f583e-ad57-712e-b1f0-f3ba1887d4b5,10.97
Shogun,C,019f583e-c697-771f-a47b-79e31b060424,50.55
Shogun,C 2,019f583e-d4fd-7640-b395-47e30ced64af,50.55
Shogun,C 3,019f583e-db82-7937-9b0d-f69a85e07d61,50.55
Shogun,SHG-2E,019f583e-c698-704a-8866-24e474317ac9,50.55
Shogun,SHG-2F,019f583e-c69c-76f3-a040-89086b638668,50.55
Shogun,SHG-2F (Trisha),019f583e-c69a-7d65-a0f4-34a035b4fe1b,50.55
Shogun,SHG-2H,019f583e-d750-71b7-89a8-325d50903fa2,50.55
Shogun,SHG-3E,019f583e-d500-73cc-8953-ecce1bb691ae,50.55
Skulker Wheeled Scout Tank,,019f583e-e318-7065-bed6-a4ae704e1035,13.87
Skulker Wheeled Scout Tank,(C3M),019f583e-e782-79ad-838b-bd1bca4344ef,13.87
Skulker Wheeled Scout Tank,(MG),019f583e-e315-7f4d-b536-669aed38d516,13.87
Skulker Wheeled Scout Tank,(SRM),019f583e-e316-723e-9605-f992d518ff6a,13.87
Skulker Wheeled Scout Tank,C,019f583e-e9c1-7092-ac3b-5f3d6e946742,13.87
Skulker Wheeled Scout Tank,X-5,019f583e-ebd4-7621-8a76-76ba617d98c1,13.87
SM Tank Destroyer,SM1,019f583e-e625-732f-9f54-014e7012d46a,14.2
SM Tank Destroyer,SM1 'Telos',019f583e-ec14-7939-8a7d-a1150189834b,14.2
SM Tank Destroyer,SM1A,019f583e-e626-7479-82f3-1857860638fe,14.2
SM Tank Destroyer,SM1B,019f583e-ea49-7002-844e-83e63f4d919a,14.2
SM Tank Destroyer,SM3,019f583e-e628-7212-b458-08d1e9ca295b,14.2
Spector,SPR-4F,019f583e-cae8-786b-88a5-f1694a9ecd80,37.18
Spector,SPR-5F,019f583e-caea-7236-9c44-156dbf2aec34,37.18
Spector,SPR-5S,019f583e-caec-79c2-a305-dbde6b5750e5,37.18
Spector,SPR-6F,019f583e-db2c-7d34-9c99-69096fd8e245,37.18
Spector,SPR-ST,019f583e-caee-7188-b50e-fcc6a1ae1cff,37.18
Spider,SDR-10K,019f583e-d498-7c99-8f68-429b7a8cf843,40.27
Spider,SDR-5D,019f583e-c2c1-7eba-83cc-10277f5cec30,40.27
Spider,SDR-5K,019f583e-c2c9-7a8b-9c69-4d9532ae9fea,40.27
Spider,SDR-5V,019f583e-c2cc-7232-ae50-57208a47aaa0,40.27
Spider,SDR-7K,019f583e-c69d-7fe4-aa64-66b1ab353ea8,40.27
Spider,SDR-7K2,019f583e-c69e-7dde-9717-505fa68807f0,40.27
Spider,SDR-7KC,019f583e-c6a0-7fc8-b376-5181520a03aa,40.27
Spider,SDR-7Kr,019f583e-d101-7561-bc35-c682dc13578b,40.27
Spider,SDR-7M,019f583e-c6a1-76b9-9372-cca318bd9282,40.27
Spider,SDR-8K,019f583e-d026-7bd4-85bf-014ef4e4c9b7,40.27
Spider,SDR-8M,019f583e-c6a2-7227-84c2-a24780ea6db8,40.27
Spider,SDR-8R,019f583e-d028-7bf0-8461-805476cb002d,40.27
Spider,SDR-8X,019f583e-d029-7fea-b0f1-00f6569da829,40.27
Spider,SDR-8Xr,019f583e-d49a-74b6-9f2d-ec33dc393749,40.27
Spider,SDR-9M,019f583e-d9da-719b-a887-444b660b0966,40.27
Spider,SDR-C,019f583e-c6a4-7db0-bbd1-ce42f9a7e657,40.27
SRM Carrier,,019f583e-e2f9-7820-be76-6cb682eb0e3f,19.79
SRM Carrier,(3054 Upgrade),019f583e-e46f-7133-9881-038b5f8648c9,19.79
SRM Carrier,(C3),019f583e-e472-7e59-afa4-f893fd9e6b18,19.79
SRM Carrier,(Primitive),019f583e-ec2e-7d66-812c-e49ba2b9acb6,19.79
SRM Carrier,(WoB),019f583e-e473-72bc-a1f2-48467ca19d05,19.79
SRM Carrier,C,019f583e-e9f9-7f0a-8803-748729bef334,19.79
Stalker,STK-3F,019f583e-c2d0-723a-b44a-e7cccb60d88f,48.78
Stalker,STK-3F (Jagawen),019f583e-de5d-7bc6-9608-dde0d760b8d5,48.78
Stalker,STK-3F (Jamison),019f583e-c6a6-7930-bb83-e246a63076ae,48.78
Stalker,STK-3Fb,019f583e-d754-700d-9f16-c79725b74367,48.78
Stalker,STK-3Fk,019f583e-d5ef-73c8-8940-a9445c1eb085,48.78
Stalker,STK-3H,019f583e-c2d4-7857-822e-c30b8bbff595,48.78
Stalker,STK-4N,019f583e-c2d7-7d7c-b20d-9c44b54f6c95,48.78
Stalker,STK-4P,019f583e-c2d9-71bf-92f0-ac3df81104f0,48.78
Stalker,STK-5M,019f583e-c6a7-7660-9b53-36b4c545fbcf,48.78
Stalker,STK-5S,019f583e-c6a9-766d-99b9-a61bc81aa7f4,48.78
Stalker,STK-6M,019f583e-c6aa-7fd7-92c6-76a17ab89d7f,48.78
Stalker,STK-7C3BS,019f583e-d103-7175-ab17-5e46d5d35359,48.78
Stalker,STK-7D,019f583e-c6ac-752a-b2ea-334b23ef7aa0,48.78
Stalker,STK-8S,019f583e-c6ad-7d70-8696-a8b5e3e5e253,48.78
Stalker,STK-9F,019f583e-dae2-7558-aaed-ac49e406fea2,48.78
Star Adder,A,019f583e-cc93-730b-b85a-4f4883ff4e4e,53.46
Star Adder,B,019f583e-cc95-7351-81f7-81a027e64ad9,53.46
Star Adder,C,019f583e-cc97-790a-b4dc-a21dd796f3af,53.46
Star Adder,D,019f583e-cc98-7cd4-91f8-bc32bbbfa7e6,53.46
Star Adder,E,019f583e-db86-70c9-8855-ef1ba1875ebc,53.46
Star Adder,F,019f583e-db87-783c-ab04-65bb7fee70b5,53.46
Star Adder,G,019f583e-db8f-786b-92af-894a04bed97f,53.46
Star Adder,I,019f583e-db90-7334-98ec-1a0ce1f6f445,53.46
Star Adder,Prime,019f583e-cc9a-7a6f-8df7-bddf62f47d0d,53.46
Star Adder,T,019f583e-db92-7da0-a3b7-0d2fae4477b8,53.46
Starslayer,STY-2C,019f583e-caf0-77e5-9a80-dc398be9f61c,43.16
Starslayer,STY-2C-EC,019f583e-d68d-70cc-a772-50e48656dcb5,43.16
Starslayer,STY-3C,019f583e-caf1-705e-b74a-172d57b51cb9,43.16
Starslayer,STY-3D,019f583e-caf4-7e06-8f9c-c137ab80621e,43.16
Starslayer,STY-3Dr,019f583e-d105-78df-86f2-a19ca3c29fbe,43.16
Starslayer,STY-4C,019f583e-db11-7ed0-a85c-34a518d67bc8,43.16
Stinger,C,019f583e-d8b0-7145-a050-642fbae8455e,37.45
Stinger,C 2,019f583e-d8ae-7974-8c7f-ab0ef7e16361,37.45
Stinger,STG-3G,019f583e-c2dd-7bc1-ba9c-0f553ecc781e,37.45
Stinger,STG-3Gb,019f583e-d8b1-74cc-9e89-1ba8db4347ba,37.45
Stinger,STG-3P,019f583e-d276-700c-9444-0d5360681eef,37.45
Stinger,STG-3R,019f583e-c2de-71b5-8f2c-fd01e390e2d7,37.45
Stinger,STG-3Y,019f583e-c146-7664-b0c4-d34a59545d1b,37.45
Stinger,STG-3Y2,019f583e-c149-7e09-b2fa-d1e961293712,37.45
Stinger,STG-4G,019f583e-d8b2-7096-84a3-c23a176d6255,37.45
Stinger,STG-5G,019f583e-d8b5-7384-9e3f-7bd88080edbf,37.45
Stinger,STG-5M,019f583e-d8b6-745b-8c1e-a78d60e6c838,37.45
Stinger,STG-5R,019f583e-d278-7ade-9fcd-9cf2f2dff6d9,37.45
Stinger,STG-5T,019f583e-d27a-758d-971a-e83048fb1471,37.45
Stinger,STG-6G,019f583e-d8b8-71c9-bd95-a3e18f2713fa,37.45
Stinger,STG-6L,019f583e-d27b-7f65-b24b-025e392e6beb,37.45
Stinger,STG-6M,019f583e-d8b9-76c4-95e7-bfba6175187a,37.45
Stinger,STG-6R,019f583e-d8bb-7aa0-b847-fc0719f64865,37.45
Stinger,STG-6S,019f583e-d27d-748a-8adf-755fdf40a861,37.45
Stinger,STG-7S,019f583e-d27f-79b9-bf51-24ca9e2928f1,37.45
SturmFeur Heavy Tank,,019f583e-e9ce-7dbe-bfd1-263579fd2571,18.55
SturmFeur Heavy Tank,(Assault),019f583e-e9c3-77a3-8bd5-1e40f5265625,18.55
SturmFeur Heavy Tank,(Cell),019f583e-e9c5-73a7-a4b0-c5635703ebd7,18.55
SturmFeur Heavy Tank,(Heavy Gauss),019f583e-e9c6-7be0-bc48-3a79ece9b2da,18.55
SturmFeur Heavy Tank,(SRM),019f583e-e9c7-76e6-b513-72e208373b9a,18.55
SturmFeur Heavy Tank,(Steiner),019f583e-e9c9-76c2-bf6f-b9c5a21be213,18.55
SturmFeur Heavy Tank,(Support) 'Gilmore',019f583e-e9cb-7eb8-af62-7c957f08c57d,18.55
SturmFeur Heavy Tank,(WoB),019f583e-e9cd-78ca-9622-9a086c3f8b39,18.55
Supernova,,019f583e-cb2d-7ce5-8955-473c7d23aaa9,44.79
Supernova,2,019f583e-cb25-7696-9ba6-453f29945705,44.79
Supernova,3,019f583e-cb29-788c-a3e7-5b688bb2d22f,44.79
Supernova,4,019f583e-cb2b-7505-9e00-51518f181818,44.79
Supernova,5,019f583e-d8bc-7e4e-9dee-2bc4e749c21f,44.79
Templar,TLR1-O,019f583e-cd95-74a8-8dc3-d06c68e72640,49.29
Templar,TLR1-O (Grayson),019f583e-cd91-7b32-86f7-acae2f73d6ec,49.29
Templar,TLR1-O (Tancred),019f583e-cd94-7087-b5cd-5965f8daec4e,49.29
Templar,TLR1-OA,019f583e-cd96-734c-95a4-b8cfd5ee1311,49.29
Templar,TLR1-OB,019f583e-cd98-7a0f-941b-090176b292cf,49.29
Templar,TLR1-OBLO,019f583e-dd59-7491-b46f-28697f1945c8,49.29
Templar,TLR1-OC,019f583e-cd9a-7aa7-bcff-29e367311cad,49.29
Templar,TLR1-OD,019f583e-ce02-7ac4-9e02-33f5f2462bbb,49.29
Templar,TLR1-OE,019f583e-ce03-71d2-9ec7-50c91a7df1df,49.29
Templar,TLR1-OF,019f583e-ce04-7db8-b496-45cd0eaefdea,49.29
Templar,TLR1-OG,019f583e-ce05-7805-873b-1b0c9ec1c2de,49.29
Templar,TLR1-OH,019f583e-ce07-7eae-a597-6e90505c671e,49.29
Templar,TLR1-OI,019f583e-ce09-729e-a012-43b2c0d88828,49.29
Templar,TLR1-OR,019f583e-d4ab-7d24-998b-3f3eeaa1e9d3,49.29
Templar,TLR1-ORISC,019f583e-e02a-73c6-9aed-a742bd84dc46,49.29
Templar,TLR1-OU,019f583e-d108-7748-9e5a-f84c2104cbea,49.29
Thanatos,TNS-4S,019f583e-cd9d-70ff-b8df-623e092713c5,47.23
Thanatos,TNS-4S (Felix),019f583e-d7cd-7373-8434-46047447910f,47.23
Thanatos,TNS-4T,019f583e-ce0b-760f-b2ba-1373be93c370,47.23
Thanatos,TNS-6S,019f583e-ce0c-7a59-998b-ea5a8e233112,47.23
Thanatos,TNS-6S2,019f583e-dd01-70b0-9b18-29807882f336,47.23
Thanatos,TNS-6T,019f583e-dd02-7b26-bc5e-8c8f46c5370c,47.23
Thanatos,TNS-7D,019f583e-dd04-7bf8-9c20-28674cc1487a,47.23
Thanatos,TNS-7D2,019f583e-dd05-7579-b1f0-2a18fd2b16af,47.23
Thor,A,019f583e-c6ae-702f-95d4-ae730e9b157a,49.5
Thor,AA,019f583e-db56-715e-a1f7-e5ba1beac66b,49.5
Thor,B,019f583e-c6b0-7465-9150-ca5989b37644,49.5
Thor,C,019f583e-c6b3-7762-bee0-2a74eed83e1e,49.5
Thor,D,019f583e-c6b4-7d05-8675-d2528b764280,49.5
Thor,E,019f583e-c6b5-7974-a4ed-81e72e24f739,49.5
Thor,F,019f583e-c6b7-7a8e-a47a-fea9ca203202,49.5
Thor,G,019f583e-c6b8-79a7-90a8-a728b62c2869,49.5
Thor,H,019f583e-c6ba-7535-a208-a0a90e256a29,49.5
Thor,HH,019f583e-c6bb-7152-9a72-7375c36c68b2,49.5
Thor,J,019f583e-db57-7d63-b183-6afed52fd829,49.5
Thor,M,019f583e-c6bd-7983-a9af-e8fec9f71094,49.5
Thor,Prime,019f583e-c6be-762c-b5ff-90abf8911418,49.5
Thor,Q,019f583e-db58-7bf3-a1ae-871b35df07aa,49.5
Thor,T,019f583e-db5a-76dc-83a6-b25499912283,49.5
Thor,U,019f583e-d10d-7a1d-9284-8e21252fcb7c,49.5
Thor,Z,019f583e-df1d-7aee-b785-59e9400a4056,49.5
Thug,THG-10E,019f583e-c2e5-7279-8de6-085605b8937b,45.46
Thug,THG-11E,019f583e-c6c5-70b6-9610-b418ad01e4aa,45.46
Thug,THG-11E (Flanagan),019f583e-d60e-7900-a89a-a70a2d0e96a1,45.46
Thug,THG-11E (Reich),019f583e-c6c4-75ac-aca6-9ae80a2eb88c,45.46
Thug,THG-11Eb,019f583e-cf21-71e2-924c-68bb9aca9268,45.46
Thug,THG-11ECX (Jose),019f583e-df8a-765f-b925-46ab6a126955,45.46
Thug,THG-12E,019f583e-c6c7-7c6c-8f6b-be97c64170a8,45.46
Thug,THG-12K,019f583e-c6c8-7b4d-b698-54f4fdc9b086,45.46
Thug,THG-13K,019f583e-c6ca-7d03-8261-66a537037de1,45.46
Thug,THG-13U,019f583e-d8dc-72c5-9ee1-f06db12890d4,45.46
Thunder Hawk,TDK-7KMA,019f583e-cb43-7a01-b8a0-1bcc0be52483,54.89
Thunder Hawk,TDK-7S,019f583e-cb45-7363-a8f4-2ac8b4998591,54.89
Thunder Hawk,TDK-7X,019f583e-cb47-7ab3-bd3d-d6392c43ed5c,54.89
Thunder Hawk,TDK-7XEM,019f583e-dcf3-79dd-b138-0325711b1160,54.89
Thunder Hawk,TDK-7Y,019f583e-cb4b-76f6-842d-4c472c80f055,54.89
Thunder Hawk,TDK-7Z,019f583e-dbb2-7ce7-9341-a93cfc529c92,54.89
Thunder Hawk,TDK-7ZEM,019f583e-dcf4-76ea-a456-c61fa5a979a5,54.89
Thunderbolt,C,019f583e-d8fe-795d-977b-a9dabdcd2eec,44.98
Thunderbolt,C 2,019f583e-d8fc-7931-81de-5016f4503565,44.98
Thunderbolt,TDR-10M,019f583e-d280-7a17-9882-f51bb5474618,44.98
Thunderbolt,TDR-10M (Ilyena),019f583e-d5d5-7cb3-ab24-8def65c3acd1,44.98
Thunderbolt,TDR-10M (Salazar),019f583e-d5d7-734a-a165-da934e19c0aa,44.98
Thunderbolt,TDR-10S,019f583e-d4ae-73c2-97e9-8daa7cf41700,44.98
Thunderbolt,TDR-10SE,019f583e-d282-77e5-93fe-b4642e30dece,44.98
Thunderbolt,TDR-11S,019f583e-d8ff-791c-b883-48d36921f595,44.98
Thunderbolt,TDR-11SE,019f583e-d285-7ea1-afc2-ae350a8a6efc,44.98
Thunderbolt,TDR-12R,019f583e-d901-7f78-b3c5-92a21170f158,44.98
Thunderbolt,TDR-17S,019f583e-d286-7eeb-b798-fa1934853f0d,44.98
Thunderbolt,TDR-1C,019f583e-dff4-74cb-85c3-424c4125cb3b,44.98
Thunderbolt,TDR-5D,019f583e-d7b2-74f4-ab42-e2c94a864b7e,44.98
Thunderbolt,TDR-5L,019f583e-d6ce-7b51-81cb-a814a9416a66,44.98
Thunderbolt,TDR-5LS,019f583e-d6d0-73bb-8daf-765435511abe,44.98
Thunderbolt,TDR-5S,019f583e-c2e8-70ca-92f3-4739c180a188,44.98
Thunderbolt,TDR-5S-T (Tallman),019f583e-de52-70f5-988c-a90ea2156dc0,44.98
Thunderbolt,TDR-5Sb,019f583e-d758-79f8-a6ca-741a8d276634,44.98
Thunderbolt,TDR-5Sb2,019f583e-d759-759a-86b9-1f9244fe670f,44.98
Thunderbolt,TDR-5Sd,019f583e-d5f1-70a6-b38c-f26f8ee506fa,44.98
Thunderbolt,TDR-5SE,019f583e-c2ea-70ab-a655-1c6dab28a137,44.98
Thunderbolt,TDR-5Sh,019f583e-d62b-7fcd-8c16-30dbc2ce936e,44.98
Thunderbolt,TDR-5SS,019f583e-c2ec-7a4b-86f3-2f7ab93e6b7d,44.98
Thunderbolt,TDR-5SS1,019f583e-c134-72d1-a83c-3d1d65f4a943,44.98
Thunderbolt,TDR-60-RLA,019f583e-d289-7bb9-853f-5c689be03a99,44.98
Thunderbolt,TDR-7M,019f583e-d903-7bf3-8481-673ac42b12a8,44.98
Thunderbolt,TDR-7S,019f583e-d905-7e59-8fd7-f3f09d9453d8,44.98
Thunderbolt,TDR-7SE,019f583e-d28a-72ec-a0f8-cd25139f72a1,44.98
Thunderbolt,TDR-8M,019f583e-d906-7be3-92af-ccdd5fb112e1,44.98
Thunderbolt,TDR-9M,019f583e-d28c-7b89-855d-0a869023a94e,44.98
Thunderbolt,TDR-9NAIS,019f583e-d28f-705e-9701-cb7ce6a3936e,44.98
Thunderbolt,TDR-9Nr,019f583e-d290-70ba-a170-5162e9de1ec8,44.98
Thunderbolt,TDR-9S,019f583e-d908-7328-b9f1-d8d6e3f6dc88,44.98
Thunderbolt,TDR-9SE,019f583e-d909-7c4c-995c-d73fa4fa4d3f,44.98
Thunderbolt,TDR-9T,019f583e-d292-7e14-8279-d90fee850fec,44.98
Thunderbolt,TDR-9W,019f583e-d90b-7fe2-8182-d6eff515648c,44.98
Tian-Zong,TNZ-N1,019f583e-d384-76a2-851f-2fe34af5feab,51.15
Tian-Zong,TNZ-N2,019f583e-d385-783e-aed0-d5c86eec5598,51.15
Tian-Zong,TNZ-N3,019f583e-d386-7ab0-a5af-a35e9d77d251,51.15
Tian-Zong,TNZ-N3 'Jasminda',019f583e-de84-765e-9466-a5350648cec0,51.15
Tian-Zong,TNZ-N4,019f583e-dd07-7e64-b12b-6e4432f71288,51.15
Tian-Zong,TNZ-N5,019f583e-dd09-73f9-b3ef-ad74a72dbb12,51.15
Tian-Zong,TNZ-N6,019f583e-dd0a-7b98-b19a-6bee4d77eaff,51.15
Trebuchet,TBT-3C,019f583e-c6cb-7b22-95b1-583b5efde4e7,42.16
Trebuchet,TBT-5J,019f583e-c2ef-782a-a590-630c15e219ad,42.16
Trebuchet,TBT-5N,019f583e-c2f1-7f09-8d8d-78aa348b3e5e,42.16
Trebuchet,TBT-5S,019f583e-c2f3-7c85-bf92-179c09b66750,42.16
Trebuchet,TBT-7K,019f583e-c2f5-7f06-8e34-1e45f12834e6,42.16
Trebuchet,TBT-7M,019f583e-c6cc-7360-8ae6-8db15bcf6d0e,42.16
Trebuchet,TBT-7MM 'Merida',019f583e-e084-7b3a-bec5-890bcb5de5fb,42.16
Trebuchet,TBT-8B,019f583e-c6ce-7201-8fbf-eb38b3cd8f4b,42.16
Trebuchet,TBT-9K,019f583e-c6cf-799a-96f1-28449416915f,42.16
Trebuchet,TBT-9N,019f583e-dbc9-7401-a302-9a806d3f4ad8,42.16
Trebuchet,TBT-9R,019f583e-d4b7-7ae5-9547-e5cbee45a8dc,42.16
Trebuchet,TBT-K7R,019f583e-d78d-7dfb-9b73-823abac79199,42.16
Trebuchet,TBT-XK7,019f583e-dfbe-7782-9456-a10868f1e9ce,42.16
Turkina,A,019f583e-cb4e-7109-9b11-fe51f52251ec,43.95
Turkina,B,019f583e-cb50-75b6-ac95-5c178f1c0643,43.95
Turkina,C,019f583e-cb53-7d72-a177-d08a56285d70,43.95
Turkina,D,019f583e-cb55-7c7c-bc98-6ab8f4b4c2be,43.95
Turkina,E,019f583e-d936-726a-b007-acf32d11bcd1,43.95
Turkina,H,019f583e-cb58-735e-b981-e806a169c28f,43.95
Turkina,M,019f583e-d937-771d-bb1f-34a44d339510,43.95
Turkina,Prime,019f583e-cb5b-7cc5-934d-b9f297696671,43.95
Turkina,T,019f583e-d939-767e-9390-07e986c72c9a,43.95
Turkina,U,019f583e-d10f-723d-9798-808e562438f9,43.95
Turkina,X,019f583e-d93a-7cec-852d-b5534a11d4e3,43.95
Turkina,Z,019f583e-df1f-7d8c-92c5-ebe1835969c6,43.95
Uller,A,019f583e-c6d1-7fe1-95b5-2b2db6079ec2,32.17
Uller,B,019f583e-c6d3-73b7-bb9c-ff2ba36ae9a4,32.17
Uller,BLO,019f583e-dd5c-7700-bff0-380e0e56d460,32.17
Uller,C,019f583e-c6d4-7cf5-a193-7006696fdccf,32.17
Uller,D,019f583e-c6d5-76db-9656-721b820197e1,32.17
Uller,E,019f583e-c6d6-7b73-8c98-ee6e37dd208c,32.17
Uller,F,019f583e-c6d8-72ec-a8ba-cac1aae9bec7,32.17
Uller,G,019f583e-d861-7c45-9b7f-97c4f10909ac,32.17
Uller,H,019f583e-c6da-755b-8558-5d88a664a8c9,32.17
Uller,I,019f583e-d4bb-745f-8050-7fc70c6287b1,32.17
Uller,J,019f583e-d865-7f3a-a701-ed265fbb03a1,32.17
Uller,K,019f583e-d867-7389-917e-fb04526588b4,32.17
Uller,Prime,019f583e-c6db-7b45-a6ac-5b651ff5e5ea,32.17
Uller,R,019f583e-d86b-714d-8fe7-db2219a6c17f,32.17
Uller,S,019f583e-c6dc-70fd-80e9-eea9f139b3e1,32.17
Uller,T,019f583e-d86d-7cd9-a8d9-8d89a3186471,32.17
Uller,U,019f583e-d111-7824-9246-339a8e957fb9,32.17
Uller,V,019f583e-d871-7249-9a9f-a7aec4af8f41,32.17
Uller,W,019f583e-c6de-7b24-8024-35e25e6b84e2,32.17
UrbanMech,UM-AIV,019f583e-d112-74fe-ae97-1010b8262d1f,32.63
UrbanMech,UM-R27,019f583e-d648-7c2a-8d11-e4aac66d3b96,32.63
UrbanMech,UM-R60,019f583e-c2f7-72d7-9111-2d4ce8c0ab1e,32.63
UrbanMech,UM-R60B,019f583e-d6b9-753d-8484-01913d52d530,32.63
UrbanMech,UM-R60G,019f583e-c14c-7cff-a54b-5dc458b414b0,32.63
UrbanMech,UM-R60L,019f583e-c2f8-7ee0-8f56-9ae35699f574,32.63
UrbanMech,UM-R60R,019f583e-c14e-785f-a4cf-ddf3b8f643ff,32.63
UrbanMech,UM-R61,019f583e-c150-70cd-a235-7fc189c8d135,32.63
UrbanMech,UM-R62,019f583e-c153-73ca-9c18-0337d4769739,32.63
UrbanMech,UM-R63,019f583e-c6df-7bd1-a362-0b5dec0f3512,32.63
UrbanMech,UM-R68,019f583e-c6e0-741a-9364-cfac0978d43f,32.63
UrbanMech,UM-R69,019f583e-c6e3-74b7-894f-6420b97d1e49,32.63
UrbanMech,UM-R70,019f583e-c6e1-7bd3-a9b5-a51fb7b66bdb,32.63
UrbanMech,UM-R80,019f583e-d114-7297-b179-ebd4bae1254b,32.63
UrbanMech,UM-R93,019f583e-e046-785f-a60d-6f574e808a89,32.63
UrbanMech,UM-R96,019f583e-da07-7186-a1ac-78041918c423,32.63
Valkyrie,C,019f583e-dc96-71bf-804d-42ceab9b392f,36.35
Valkyrie,VLK-QA,019f583e-c2fb-772c-9012-ba90e879205f,36.35
Valkyrie,VLK-QD,019f583e-dc97-78b0-af98-7c11fb49c24e,36.35
Valkyrie,VLK-QD (Karano),019f583e-d60f-7372-8771-890b30f44039,36.35
Valkyrie,VLK-QD1,019f583e-d295-7c58-afd1-db9892d12cb2,36.35
Valkyrie,VLK-QD2,019f583e-d297-7749-a8fe-df8c8d89a981,36.35
Valkyrie,VLK-QD3,019f583e-d298-7010-9edc-052c2631c424,36.35
Valkyrie,VLK-QD4,019f583e-d29a-7b38-805e-eaa743a1d68c,36.35
Valkyrie,VLK-QD5,019f583e-df58-7414-b54a-f432c251cf59,36.35
Valkyrie,VLK-QD6,019f583e-dc99-7d61-8544-37f6bc8b9130,36.35
Valkyrie,VLK-QD8,019f583e-d4bc-7a11-b698-8dfa9d748dc0,36.35
Valkyrie,VLK-QDD,019f583e-dc9a-7fdd-8dc0-e5fb39ad80fe,36.35
Valkyrie,VLK-QF,019f583e-c2fd-7b1e-82a6-6a615d0e1173,36.35
Valkyrie,VLK-QS5,019f583e-d29b-73b6-9aa9-3f3e3b6eb247,36.35
Valkyrie,VLK-QT2,019f583e-d29d-7990-8575-332d5dd5a4fc,36.35
Valkyrie,VLK-QW5,019f583e-d29e-792c-acb1-0e9a12fce87c,36.35
Vedette Medium Tank,,019f583e-e326-74de-8b26-e3e4e58f06b8,16.23
Vedette Medium Tank,'Doris' Delight',019f583e-e4a3-77a2-8b5b-d43a275afdfc,16.23
Vedette Medium Tank,(AC/10),019f583e-ebb2-7dd4-bf88-2d834ea8a014,16.23
Vedette Medium Tank,(AC2),019f583e-e323-7150-873b-652089c21dc8,16.23
Vedette Medium Tank,(Armor),019f583e-ea2e-7234-a0de-d91bc244a793,16.23
Vedette Medium Tank,(Cell),019f583e-e788-71a1-b07f-79dbf88a0562,16.23
Vedette Medium Tank,(LB-X),019f583e-e49b-7962-858b-d489ec02c45d,16.23
Vedette Medium Tank,(Liao),019f583e-e325-7d7a-85f7-0ace41c87a3a,16.23
Vedette Medium Tank,(Light Gauss),019f583e-e49d-718c-81fa-1ff2349147c6,16.23
Vedette Medium Tank,(NETC),019f583e-e49e-7ef2-b8b0-e6c9958df69d,16.23
Vedette Medium Tank,(RAC),019f583e-e4a0-74a6-82e8-c620b37a3e2d,16.23
Vedette Medium Tank,(Ultra),019f583e-e4a1-7d2d-b9de-a7a1119d89a4,16.23
Vedette Medium Tank,V-G7X,019f583e-ebf6-7437-90c2-c40283493724,16.23
Vedette Medium Tank,V7,019f583e-e97b-7901-a0b1-724c81c13d25,16.23
Vedette Medium Tank,V9,019f583e-e853-7c81-8d84-d8a89f2a24a1,16.23
Victor,C,019f583e-dd2c-7fda-92a3-21290392b1e2,46.3
Victor,VTR-10D,019f583e-c6e6-7710-a0bf-09b77eb7f812,46.3
Victor,VTR-10L,019f583e-c6e7-7547-9447-c4b1bcd3e439,46.3
Victor,VTR-10S,019f583e-c6e8-7894-8d18-fbf8c09298a1,46.3
Victor,VTR-11D,019f583e-c6e9-78d5-b143-aa9432af0fcc,46.3
Victor,VTR-12D,019f583e-d990-76ac-9140-4a0f8f11e984,46.3
Victor,VTR-9A,019f583e-c2ff-76c8-a524-932161d49fd9,46.3
Victor,VTR-9A1,019f583e-c300-778d-a012-31ecb4b92b5f,46.3
Victor,VTR-9B,019f583e-c302-7036-81ff-cb0dc0587c8d,46.3
Victor,VTR-9B (Kataga),019f583e-de60-7077-9f74-6230ecc22842,46.3
Victor,VTR-9B (Li),019f583e-de4b-7fbe-a555-ff4b69942cb3,46.3
Victor,VTR-9B (Shoji),019f583e-d5f2-7e6e-ae93-42313ad6ccc5,46.3
Victor,VTR-9D,019f583e-c6eb-7e85-abd9-69808eb7dfab,46.3
Victor,VTR-9K,019f583e-c6ed-72e0-8503-02083ef18c4a,46.3
Victor,VTR-9K2 (St. James),019f583e-dfd4-72d0-ae0c-c2fee4bee314,46.3
Victor,VTR-9Ka,019f583e-d115-7d73-8019-a5e908753c41,46.3
Victor,VTR-9S,019f583e-c304-75cc-a421-ce497a8e2f7f,46.3
Victor,VTR-C,019f583e-c6f0-7f1f-8c96-f8d5a04b116c,46.3
Victor,VTR-Cr,019f583e-d118-72b1-b7ea-410c28da2e37,46.3
Vindicator,VND-1AA 'Avenging Angel',019f583e-c306-7be6-92a4-cee5851ce339,40.2
Vindicator,VND-1R,019f583e-c30b-768a-a636-2dc759b7b74b,40.2
Vindicator,VND-1R (Vong),019f583e-c308-7ff0-9809-35bcbb979c03,40.2
Vindicator,VND-1SIC,019f583e-c30d-78bf-81cc-10331df3ebe3,40.2
Vindicator,VND-1X,019f583e-c30f-7116-9082-578c9165b7fb,40.2
Vindicator,VND-3L,019f583e-c6f1-7216-8b62-eb9359c80e94,40.2
Vindicator,VND-3LD (Dao),019f583e-df99-7dca-b415-d1e0b1a1ad8b,40.2
Vindicator,VND-3Lr,019f583e-d11a-785a-9e12-28f554947559,40.2
Vindicator,VND-4L,019f583e-c6f7-7edb-affe-790ae70b79da,40.2
Vindicator,VND-5L,019f583e-c6f8-7525-9bdb-df526e3d6626,40.2
Vindicator,VND-6L,019f583e-c6fa-7c6c-9992-339ed2543e08,40.2
Vindicator,VND-7L,019f583e-daf4-794b-83ea-fed02045dc1b,40.2
Viper,,019f583e-d898-7be7-9ab0-066b44451903,42.59
Viper,2,019f583e-d899-71f3-92ed-e6c216932402,42.59
Viper,3,019f583e-c8f6-7a6b-b142-cbeba79db9dd,42.59
Viper,4,019f583e-c8f8-72fd-b3d9-94f85025dd89,42.59
Viper,5,019f583e-d89b-7f89-871f-53d2f23fe414,42.59
Visigoth,(Carew Nygren),019f583e-ae6f-7c84-aee6-07263eea2218,12.2
Visigoth,A,019f583e-ae6a-7523-9271-4b805c94e38d,12.2
Visigoth,B,019f583e-ae6b-7b9d-afd5-fd30ec96c018,12.2
Visigoth,C,019f583e-ae6d-70b6-8dbc-e59f8d5939ce,12.2
Visigoth,D,019f583e-ae70-77d0-9629-5707e3da79fc,12.2
Visigoth,E,019f583e-ae72-72cf-b0cc-5dc9251e7daf,12.2
Visigoth,Prime,019f583e-ae74-79ae-8828-9d8d31e4e09d,12.2
Vixen,,019f583e-c8fd-7a59-9b5f-b2415dd647a3,36.9
Vixen,2,019f583e-dc30-7470-893e-09fa36525aee,36.9
Vixen,3,019f583e-dc31-7c1e-9bf8-2b33b3b28f7d,36.9
Vixen,4,019f583e-c8fa-73c1-b1f6-7f5592171b57,36.9
Vixen,5,019f583e-c8fb-76bf-8bcd-b50142611e4f,36.9
Vixen,6,019f583e-d50b-72fb-bebe-af80b244f2a7,36.9
Vixen,7,019f583e-dc32-7526-903c-c3936628ff4d,36.9
Vixen,8,019f583e-dc34-79d9-8004-ae3232818d66,36.9
Vixen,9,019f583e-dc36-76a8-9b32-8bf8b3e1f5a4,36.9
Von Luckner Heavy Tank,(Royal),019f583e-e94a-7584-a68a-9699153259d2,19.25
Von Luckner Heavy Tank,(Star League),019f583e-e94b-7028-aa17-948d503aeceb,19.25
Von Luckner Heavy Tank,VNL-K100,019f583e-e329-705a-af1e-5f74c06694fe,19.25
Von Luckner Heavy Tank,VNL-K65N,019f583e-e32a-736b-b45c-b203f70d4fd1,19.25
Von Luckner Heavy Tank,VNL-K65W,019f583e-ea2f-7731-81ca-c8bf06b066cd,19.25
Von Luckner Heavy Tank,VNL-K70,019f583e-e32c-7299-954b-9f4a5bd1c0cd,19.25
Von Luckner Heavy Tank,VNL-K75N,019f583e-ea31-7cd8-bd4c-4f020c23ebc9,19.25
Von Luckner Heavy Tank,VNL-K85N,019f583e-ea32-7dbc-974d-2323be60c2f1,19.25
Von Luckner Heavy Tank,VNL-K90,019f583e-ea34-7160-9395-49f0e4f29227,19.25
Von Luckner Heavy Tank,VNL-X71 (Yakuza),019f583e-ec01-7770-8ef4-116ddc090f19,19.25
Vulcan,VL-2T,019f583e-c311-79f5-81df-9ec448e2bdcc,40.77
Vulcan,VL-2T (Timms),019f583e-deb5-78cc-85a3-906e67d060b3,40.77
Vulcan,VL-3T,019f583e-c174-759d-9708-84df3d3f37ba,40.77
Vulcan,VL-3T2,019f583e-c177-7eec-9fbd-270c882a3f01,40.77
Vulcan,VL-4T,019f583e-c179-7086-9463-c8916790f107,40.77
Vulcan,VL-5T,019f583e-c313-719c-b929-9efc1ba4e588,40.77
Vulcan,VLC-3N,019f583e-b040-7a8c-ad69-69af59c8e339,40.77
Vulcan,VLC-5N,019f583e-af36-7ff7-b414-092b0362cf44,40.77
Vulcan,VLC-6N,019f583e-af38-7422-a691-d422935ddcd0,40.77
Vulcan,VLC-8N,019f583e-af39-73f6-9137-e3b0f693cf32,40.77
Vulcan,VT-5M,019f583e-c6fb-7d27-ad6e-0035a6482de1,40.77
Vulcan,VT-5ML 'Aladdin',019f583e-e085-7c81-b50f-5b10e67c483c,40.77
Vulcan,VT-5S,019f583e-c6fd-7c92-b6f5-7a2a94de58bd,40.77
Vulcan,VT-5Sr,019f583e-d11b-760c-9653-75d69dcab8b2,40.77
Vulcan,VT-6C,019f583e-c6fe-7df5-92ad-34ad053e8249,40.77
Vulcan,VT-6M,019f583e-c700-776c-bb48-c612432dd2d6,40.77
Vulcan,VT-7T,019f583e-db70-783e-b613-4af16f270546,40.77
Vulture,A,019f583e-c701-7e44-b15d-5b5d945e4740,42.64
Vulture,B,019f583e-c703-74fa-87e3-4c8dbdfe3dfe,42.64
Vulture,C,019f583e-c704-7e9c-8c4f-c6daaf6fee37,42.64
Vulture,D,019f583e-c705-7ec2-ac49-0871adde4778,42.64
Vulture,DD,019f583e-d80f-798f-8336-3d317c631091,42.64
Vulture,E,019f583e-c707-72bc-8e59-7e4520a443aa,42.64
Vulture,F,019f583e-c708-77b9-b375-92e44e4a110e,42.64
Vulture,G,019f583e-d810-7c55-beca-b0e8d8063a41,42.64
Vulture,H,019f583e-c709-7d30-adf5-86a14a513220,42.64
Vulture,I,019f583e-d812-7f17-99d7-94e9450278cd,42.64
Vulture,Prime,019f583e-c70b-7a19-8614-7808a9fe5e62,42.64
Vulture,S,019f583e-de47-7b20-950b-b1ce64eb5ca5,42.64
Vulture,T,019f583e-d814-7b06-881f-17ee2f233951,42.64
Vulture,U,019f583e-d11d-7ae0-b722-d26531589b19,42.64
Vulture,V,019f583e-d815-7359-b954-36685def4dfe,42.64
Warhammer,C,019f583e-dc40-7e9a-951a-c7c1c987af1d,47.19
Warhammer,C 2,019f583e-dc3d-7609-9913-c4239857f6a9,47.19
Warhammer,C 3,019f583e-dc3e-79ac-9872-7f0b0859889b,47.19
Warhammer,WHD-10CT,019f583e-d042-7d8e-a897-760140ff607a,47.19
Warhammer,WHM-10K,019f583e-dc41-7e53-8762-05622a20acc9,47.19
Warhammer,WHM-10T,019f583e-d2ac-7229-994b-f8f374ec345e,47.19
Warhammer,WHM-11T,019f583e-d2ad-73ee-ae5b-e166d087fa13,47.19
Warhammer,WHM-4L,019f583e-d2af-76e8-baee-3db188d10d3e,47.19
Warhammer,WHM-5L,019f583e-d2b0-79cd-bc9e-8492b22c85e1,47.19
Warhammer,WHM-6B,019f583e-c136-7229-94f4-bc134d096e6c,47.19
Warhammer,WHM-6D,019f583e-c314-7b7a-9020-b42284f3bf08,47.19
Warhammer,WHM-6J,019f583e-c138-7b5a-b08c-46d75b01d287,47.19
Warhammer,WHM-6K,019f583e-c316-74ea-ac46-506e89d4e907,47.19
Warhammer,WHM-6K (Olesko),019f583e-deb6-7ccc-8026-97373d5f16a4,47.19
Warhammer,WHM-6L,019f583e-c319-7aa6-bd5e-a917d75f096f,47.19
Warhammer,WHM-6R,019f583e-c31d-7656-b604-9c801f6d2f15,47.19
Warhammer,WHM-6Rb,019f583e-cf2f-7c6a-a47f-e193d12ca146,47.19
Warhammer,WHM-6Rk,019f583e-d5f3-7c27-8adc-9a246443b98a,47.19
Warhammer,WHM-7A,019f583e-dc42-7890-9ff8-e143756c80d1,47.19
Warhammer,WHM-7CS,019f583e-de48-7e22-942c-7b32c44487b7,47.19
Warhammer,WHM-7K,019f583e-dc44-75df-b5ca-c6e95d973880,47.19
Warhammer,WHM-7M,019f583e-dc47-7a34-9492-636b4212dbd0,47.19
Warhammer,WHM-7M-DC,019f583e-dc45-71c8-8f35-786573614141,47.19
Warhammer,WHM-7S,019f583e-dc49-7dee-862c-bc674e6456ec,47.19
Warhammer,WHM-8D,019f583e-d2b2-76c7-94e1-8930400c3eb7,47.19
Warhammer,WHM-8D2,019f583e-d4c4-7ec8-8c9d-fc159d281588,47.19
Warhammer,WHM-8K,019f583e-d2b3-783f-8a75-400076413404,47.19
Warhammer,WHM-8M,019f583e-d2b5-711b-a4d8-a4fca1ba751b,47.19
Warhammer,WHM-8R,019f583e-dc4a-75c0-b6d3-8fb7288718c5,47.19
Warhammer,WHM-9D,019f583e-d2b7-72ef-9656-7371c0379526,47.19
Warhammer,WHM-9K,019f583e-dc4c-7807-b6f3-3eb73294a505,47.19
Warhammer,WHM-9S,019f583e-d2b8-7dcc-8899-5aa0630ba762,47.19
Warhammer,WHM-X7 'The Lich',019f583e-df82-7b36-992b-320519f79c81,47.19
Warhammer IIC,,019f583e-dbd0-731a-8625-a72e01351d6c,49.1
Warhammer IIC,10,019f583e-d4bf-7cb4-84d6-bba83996d3b7,49.1
Warhammer IIC,11,019f583e-d4c1-7617-86b0-f2d78cba7958,49.1
Warhammer IIC,12,019f583e-d4c2-7130-af42-d98c670ab8d4,49.1
Warhammer IIC,13,019f583e-dbcd-7940-a618-ba1e225dab2e,49.1
Warhammer IIC,2,019f583e-dbce-7ebf-88a7-06277d60892f,49.1
Warhammer IIC,3,019f583e-d2a0-779b-beb2-e20b428e7f47,49.1
Warhammer IIC,4,019f583e-d2a1-7804-9ebe-7930fc52f4c6,49.1
Warhammer IIC,5,019f583e-d2a3-702a-a2f9-bf6631256005,49.1
Warhammer IIC,6,019f583e-d2a6-79f1-bd69-19b285ba4ce7,49.1
Warhammer IIC,7,019f583e-d2a7-7f0b-b15c-1ddc305536ad,49.1
Warhammer IIC,8,019f583e-d2a9-7446-8461-68de2fde797d,49.1
Warhammer IIC,9,019f583e-d2aa-794a-ac65-b395b1ccb21d,49.1
Warrior Attack Helicopter,H-10,019f583e-e4a5-72c2-9237-00017d9dd355,17.79
Warrior Attack Helicopter,H-7,019f583e-e32e-7053-85ce-1348db5f5195,17.79
Warrior Attack Helicopter,H-7A,019f583e-e32f-79bc-b555-1b453258bdd6,17.79
Warrior Attack Helicopter,H-7C,019f583e-e332-7a0f-bfd6-e9ac874093e1,17.79
Warrior Attack Helicopter,H-7F,019f583e-e9d0-7b12-b35e-3cd31bc6e0ef,17.79
Warrior Attack Helicopter,H-8,019f583e-e4a6-7087-9350-88b671a6126f,17.79
Warrior Attack Helicopter,H-9,019f583e-e4a8-78e8-9ee4-ed3fcafdb4fc,17.79
Warrior Attack Helicopter,HX-9,019f583e-ebf9-798f-850a-5607a2dbf8a7,17.79
Wasp,C,019f583e-dbd1-79ef-8f9a-370abcebed2d,33.55
Wasp,WSP-1,019f583e-dfe9-7fb1-a28e-46c6392f3885,33.55
Wasp,WSP-1A,019f583e-c31f-7a7e-be9e-14f924d4af13,33.55
Wasp,WSP-1D,019f583e-c321-7d70-8c68-43c63b24202e,33.55
Wasp,WSP-1K,019f583e-c322-78a4-ad58-9788fa8a95f3,33.55
Wasp,WSP-1L,019f583e-c325-7508-83c5-d50bc6936cb8,33.55
Wasp,WSP-1S,019f583e-dbd2-7305-b5fa-a91b3650c02e,33.55
Wasp,WSP-1W,019f583e-c327-7341-a166-4bb1ada6f42c,33.55
Wasp,WSP-1Y,019f583e-c155-7f01-827b-2c200f81dc08,33.55
Wasp,WSP-3A,019f583e-d2bd-798a-a110-019838030ba4,33.55
Wasp,WSP-3K,019f583e-d4c6-7663-8554-f3c940a2686d,33.55
Wasp,WSP-3L,019f583e-d2be-7894-a488-9a212cdb381d,33.55
Wasp,WSP-3M,019f583e-dbd3-7b4f-89e4-4e31c27856b8,33.55
Wasp,WSP-3P,019f583e-d4c7-7c8d-8171-823e3c92e9d6,33.55
Wasp,WSP-3S,019f583e-d2c0-7eb0-bb8f-b5066a0b123f,33.55
Wasp,WSP-3W,019f583e-dbd5-77bb-8cc2-7f0f00fcc8e4,33.55
Wasp,WSP-3X,019f583e-df5b-773c-ac9f-945e102822bb,33.55
Wasp,WSP-4W,019f583e-dbd6-77c4-8f85-82bea612d970,33.55
Wasp,WSP-5A,019f583e-dbd8-7a9b-b4e3-9795c1bf7175,33.55
Wasp,WSP-7MAF,019f583e-d2c2-7a6b-b17e-2b05b8af6695,33.55
Wasp,WSP-8T,019f583e-d2c3-7df5-84c8-7dfc2aca4f3b,33.55
Whitworth,WTH-0,019f583e-c329-743e-801f-df7e7164cc7e,40.3
Whitworth,WTH-1,019f583e-c32b-772d-8928-ade4800cc6e4,40.3
Whitworth,WTH-1H,019f583e-c70c-7c8f-bd67-b226cb21b00a,40.3
Whitworth,WTH-1S,019f583e-c32c-71ba-9334-2a6cdd83580c,40.3
Whitworth,WTH-2,019f583e-c70e-7fa1-aa87-fe19f6067755,40.3
Whitworth,WTH-2A,019f583e-c70f-76a6-903f-e71ea0085450,40.3
Whitworth,WTH-2H,019f583e-db72-7bd6-a35e-5997211fa652,40.3
Whitworth,WTH-3,019f583e-c711-7fb9-a87f-3cf947babf64,40.3
Whitworth,WTH-5S,019f583e-df41-7a37-9094-27dbef3746bf,40.3
Whitworth,WTH-K,019f583e-c712-7a6d-ae7c-3599ab54f052,40.3
Wolfhound,WLF-1,019f583e-c32e-736a-9279-33d0b393bb46,40.16
Wolfhound,WLF-1 (Allard),019f583e-c71a-77d8-9853-1d6699bdf46b,40.16
Wolfhound,WLF-1A,019f583e-c331-7c98-8772-a751d3e7cd05,40.16
Wolfhound,WLF-1B,019f583e-c333-77b4-be67-95f183e7d964,40.16
Wolfhound,WLF-2,019f583e-c71c-7ea8-8aeb-4b9cb1b5c03e,40.16
Wolfhound,WLF-2H,019f583e-d792-7de8-802f-3f1eb5a2931d,40.16
Wolfhound,WLF-2X,019f583e-dfaa-7b0a-b023-06c8d693e5e1,40.16
Wolfhound,WLF-3M,019f583e-d044-7cc1-9ec4-1015ab709bc7,40.16
Wolfhound,WLF-3S,019f583e-c71d-75f9-991e-b8d864b14da7,40.16
Wolfhound,WLF-4W,019f583e-c71e-7533-9665-d62b8268bf13,40.16
Wolfhound,WLF-4WA,019f583e-df39-72ac-97b4-2d15e40f1dee,40.16
Wolfhound,WLF-5,019f583e-d047-7099-9315-c0c2451e34e7,40.16
Wolfhound,WLF-6S,019f583e-d974-7b6d-93ba-6757f5e533e7,40.16
Wolverine,WVR-10D,019f583e-d992-7208-9dcc-026c084b0f7d,43.74
Wolverine,WVR-10R,019f583e-d993-7ebc-b804-af62a6b54f46,43.74
Wolverine,WVR-10V2,019f583e-d995-72b9-b830-76e2235eec7c,43.74
Wolverine,WVR-11M,019f583e-d997-76a5-b8f7-24f91bf97d15,43.74
Wolverine,WVR-1R,019f583e-e00f-7df1-88e1-f41505986b2a,43.74
Wolverine,WVR-3N,019f583e-c17b-77a8-bc4c-181fb14cf1bd,43.74
Wolverine,WVR-3R,019f583e-e011-74f9-8991-52f30b823be8,43.74
Wolverine,WVR-6D,019f583e-c17c-72e0-9bf8-c3ba7eb8fbb7,43.74
Wolverine,WVR-6K,019f583e-c335-73ee-9670-37d2c0f6e550,43.74
Wolverine,WVR-6Kh,019f583e-d62d-7c93-b50e-6b4a2c223e0b,43.74
Wolverine,WVR-6M,019f583e-c337-7f18-8eec-2307e641a920,43.74
Wolverine,WVR-6R,019f583e-c338-7203-9a51-f587c68e116c,43.74
Wolverine,WVR-7D,019f583e-d998-724c-a541-8698cce4d54e,43.74
Wolverine,WVR-7K,019f583e-d99a-756a-abe0-9e1d1f198047,43.74
Wolverine,WVR-7Kh,019f583e-d62e-7531-b96c-81cf6556a365,43.74
Wolverine,WVR-7M,019f583e-d99b-789d-83c2-8dda3009fb37,43.74
Wolverine,WVR-7M2,019f583e-d99e-7c93-bc5e-808169402b50,43.74
Wolverine,WVR-8C,019f583e-d2c4-717f-85d7-a151b114b686,43.74
Wolverine,WVR-8D,019f583e-d2c7-7278-8727-a19cd0ca203b,43.74
Wolverine,WVR-8K,019f583e-d2c8-7708-a44d-d65612c6ecca,43.74
Wolverine,WVR-9D,019f583e-d2c9-7418-913c-6334c86c0e22,43.74
Wolverine,WVR-9K,019f583e-d2cc-7a86-94c7-d315499ff446,43.74
Wolverine,WVR-9M,019f583e-d2cd-7266-893f-5da4f051199d,43.74
Wolverine,WVR-9R,019f583e-d9a0-7872-8869-eadb54c0434c,43.74
Wolverine,WVR-9W,019f583e-d2ce-79e7-be44-3238e24a74ca,43.74
Wolverine,WVR-9W2,019f583e-d2d0-703d-8fee-dbd80ac3acd3,43.74
Wraith,TR1,019f583e-c90e-771b-99a7-1c7a1bef420a,48
Wraith,TR2,019f583e-c911-7442-a0a5-4f8f5c97c1ec,48
Wraith,TR2-P 'Pocahontas',019f583e-e08a-7961-ae30-aab0219ed828,48
Wraith,TR2-X 'Alexander',019f583e-df83-72cf-b841-6afe5343ee2a,48
Wraith,TR3,019f583e-c913-72a4-97ae-50e4f7fc8944,48
Wraith,TR5,019f583e-daf6-7d31-b78c-bc1d090c0853,48
Zeus,(Leonidas),019f583e-de54-7a6d-b9cc-aafd1a8e5b1c,48.97
Zeus,ZEU-10WB,019f583e-c726-71d6-8e91-9e69724e5fe3,48.97
Zeus,ZEU-11S,019f583e-da0a-7e24-83fd-f7e1792efdcc,48.97
Zeus,ZEU-5S,019f583e-c33d-7e0f-8777-fbfb3eba8f74,48.97
Zeus,ZEU-5T,019f583e-c33f-7ccb-b325-4040e9959b1a,48.97
Zeus,ZEU-6A,019f583e-d7b3-7416-a190-0d101abeb296,48.97
Zeus,ZEU-6S,019f583e-c341-7309-b4f3-7ade380944e9,48.97
Zeus,ZEU-6T,019f583e-c342-737c-8be8-25ba4c96b6dd,48.97
Zeus,ZEU-6Y,019f583e-e0a1-78a0-aa44-0d250c15830a,48.97
Zeus,ZEU-9S,019f583e-c729-7108-ae71-5d867e3eae53,48.97
Zeus,ZEU-9S-DC,019f583e-c727-7cfb-860c-2bf5df5fa63f,48.97
Zeus,ZEU-9S2,019f583e-c72a-7fce-a69c-7788f5e5b5b5,48.97
Zeus,ZEU-9T,019f583e-c72b-70f4-9afe-6dd753118a19,48.97
